ip,org
60.190.232.37,"Hangzhou Ezviz Network Co., Ltd."
42.186.120.57,"NetEase, Inc."
203.195.142.94,Tencent Holdings Ltd.
61.135.152.235,Sina Corporation
123.6.101.135,"NetEase, Inc."
116.130.217.16,Sohu.com Limited
59.82.121.55,Alibaba Group Holding Limited
3.0.172.18,Adobe Inc.
182.22.24.124,Yahoo Japan Corporation
183.79.48.248,Yahoo Japan Corporation
40.81.254.85,InMobi Pte Ltd
212.243.204.10,MDPI AG
35.227.203.240,Unity Technologies Inc.
34.149.46.130,Snap Inc.
34.98.64.218,"OpenX Technologies, Inc."
35.186.224.24,Spotify AB
20.236.44.162,Microsoft Corporation
20.66.23.232,Microsoft Corporation
217.20.147.56,Yandex LLC
44.229.150.113,Adobe Inc.
44.237.180.172,"Salesforce, Inc."
217.20.155.24,VK Company Limited
74.112.186.157,"Box, Inc."
98.124.224.32,Identity Digital Inc.
44.234.235.93,"Salesforce, Inc."
178.132.201.50,"Bitrix, Inc."
128.116.116.3,Roblox Corporation
34.117.97.190,Springer Nature Group
87.240.132.78,VK Company Limited
20.190.151.6,"Nike, Inc."
104.45.231.79,"iPerceptions, Inc."
104.42.152.64,"SAGE Publications, Inc."
168.62.20.37,Microsoft Corporation
216.168.244.57,"DigiCert, Inc."
87.240.132.72,VK Company Limited
20.190.151.7,Microsoft Corporation
87.240.137.164,VK Company Limited
194.67.72.32,Domain names registrar REG.RU LLC
216.40.42.192,Identity Digital Inc.
31.130.143.67,Ozon Holdings PLC
173.243.0.154,"Cisco Systems, Inc."
63.174.23.41,Sophos Limited
35.212.157.109,Mozilla Foundation
68.87.82.237,Comcast Corporation
13.8.57.40,Xerox Corporation
156.59.238.20,"Vivo Mobile Communication Co., Ltd."
34.192.199.62,World Wide Web Consortium (W3C)
18.209.113.130,"Okta, Inc."
20.76.201.171,Microsoft Corporation
34.111.176.156,Time Inc.
64.98.38.246,"Name.com, Inc."
136.143.189.126,Los Angeles Times Communications LLC
116.133.8.152,Sina Corporation
52.18.206.7,DeepL SE
114.117.3.118,"Xiaohongshu Co., Ltd."
34.204.55.14,StackAdapt Inc.
44.225.173.39,Ring LLC
172.240.45.83,Aniview Ltd.
18.196.91.115,Sportradar AG
20.190.166.67,Costco Wholesale Corporation
111.13.28.191,"JD.com, Inc."
35.200.241.173,Odoo S.A.
20.231.239.246,Microsoft Corporation
170.167.103.202,Costco Wholesale Corporation
77.75.78.173,"Seznam.cz, a.s."
43.174.109.143,"Vivo Mobile Communication Co., Ltd."
20.49.25.189,Terra Networks Brasil S.A.
3.233.158.24,"Datadog, Inc."
104.154.229.137,Aniview Ltd.
210.115.150.8,"The Dong-A Ilbo Co., Ltd."
192.35.89.50,Yale University
192.35.89.38,Yale University
3.140.6.109,"New Relic, Inc."
156.59.238.29,"Vivo Mobile Communication Co., Ltd."
80.68.252.101,PJSC RBC
184.94.152.23,Granity Entertainment Ltd.
193.119.8.112,"Vivo Mobile Communication Co., Ltd."
3.253.179.243,"Amazon.com, Inc."
193.200.227.13,Filmweb Sp. z o.o.
3.226.128.185,OLX Global B.V.
20.161.36.92,National Oceanic and Atmospheric Administration (NOAA)
121.125.77.52,DC Inside Inc.
61.152.229.228,"East Money Information Co., Ltd."
13.52.188.95,"Prebid.org, Inc."
20.72.98.42,Microsoft Corporation
80.237.186.220,F&P GmbH
42.113.206.59,Vietnam Education Promotion Association
20.50.2.40,Financial Action Task Force (FATF)
95.163.58.210,VK Company Limited
35.186.248.227,L'Équipe SAS
34.117.186.192,"IPinfo, Inc."
217.72.199.25,1&1 Mail & Media GmbH
128.135.20.78,University of Chicago
34.140.196.228,ILMETEO srl
3.35.145.48,LG Corporation
95.163.58.197,VK Company Limited
209.202.252.105,"Lycos, Inc."
193.16.224.164,SAP SE
34.138.24.237,Public Library of Science
52.126.195.80,Microsoft Corporation
20.76.98.31,"Citrix Systems, Inc."
123.58.192.97,EZVIZ Inc.
50.225.220.38,"SmartThings, Inc."
125.212.247.208,Cong Ty Co Phan Quang Cao Truc Tuyen 24H
192.29.107.131,Oracle Corporation
172.184.116.192,Avira Operations GmbH & Co. KG
148.153.46.90,Bilibili Inc.
155.102.54.146,ByteDance Ltd.
52.40.92.233,MarkMonitor Inc.
161.117.5.66,"Hangzhou Hikvision Digital Technology Co., Ltd."
34.237.217.23,"Huntress Labs, Inc."
3.92.9.37,"Huntress Labs, Inc."
64.34.94.99,"ConnectWise, LLC"
91.134.84.253,"ConnectWise, LLC"
59.80.28.17,ByteDance Ltd.
213.79.65.35,"Doctor Web, Ltd."
160.17.3.12,"Recruit Co., Ltd."
15.205.166.251,United States Department of Commerce
51.136.121.146,Ernst & Young Global Limited
160.17.99.161,"Recruit Co., Ltd."
94.55.118.34,T.C. Cumhurbaşkanlığı Dijital Dönüşüm Ofisi
47.245.113.31,"Ruijie Networks Co., Ltd."
52.206.41.225,TrustArc Inc.
54.190.116.115,"Linux Kernel Organization, Inc."
77.75.76.151,"Seznam.cz, a.s."
35.153.220.244,Elsevier Inc.
194.97.208.253,freenet AG
125.35.18.52,China Daily Information Co.
35.74.41.243,"Recruit Co., Ltd."
144.121.2.226,Massachusetts Institute of Technology
205.234.175.175,CacheNetworks LLC
162.125.2.19,"Dropbox, Inc."
31.31.196.161,CentralNic Group PLC
8.45.176.206,ByteDance Ltd.
194.187.246.124,Kaspi.kz JSC
185.65.149.70,"InSales, LLC"
47.88.140.65,PT Tokopedia
37.59.204.163,Board Game Arena
180.222.119.247,Netscape Communications Corporation
54.171.18.89,"Samsung Electronics Co., Ltd."
103.107.217.26,"Beijing Kuaishou Technology Co., Ltd."
69.67.179.150,"Qualys, Inc."
107.23.9.24,"Coursera, Inc."
85.10.198.55,KDE e.V.
54.247.41.147,"Samsung Electronics Co., Ltd."
37.230.131.90,Hybrid AI Limited
129.105.119.218,Northwestern University
165.2.145.18,InterContinental Hotels Group PLC
31.222.75.113,Bumble Trading Inc.
128.174.81.154,University of Illinois
69.147.80.12,Yahoo Inc.
54.83.189.142,University of Virginia
217.160.86.45,IONOS SE
162.216.249.231,"Egnyte, Inc."
4.245.253.187,"Panda Security, S.L."
49.51.78.19,"Beijing Kuaishou Technology Co., Ltd."
192.223.236.124,FMR LLC
155.102.54.139,ByteDance Ltd.
137.200.41.25,Social Security Administration
52.88.250.122,"PrinterLogic, Inc."
3.21.238.119,"Samsung Electronics Co., Ltd."
4.207.244.96,Münchener Rückversicherungs-Gesellschaft Aktiengesellschaft (Munich Re)
134.76.31.205,Max-Planck-Gesellschaft zur Förderung der Wissenschaften e.V.
34.192.131.218,Mary Kay Inc.
34.96.84.189,"BigCommerce Holdings, Inc."
40.83.150.233,Mimecast Limited
34.107.254.252,"Permutive, Inc."
35.213.172.155,PubNative GmbH
40.82.248.68,Microsoft Corporation
35.227.219.245,"BigCommerce Holdings, Inc."
137.200.40.10,Social Security Administration
52.30.17.149,"Zeasn Information Technology Co., Ltd."
221.204.15.59,Tencent Holdings Limited
199.193.201.170,"Intermedia.net, Inc."
74.6.160.138,Yahoo Inc.
37.9.169.171,Websupport s.r.o.
128.6.42.52,"Rutgers, The State University of New Jersey"
167.127.135.33,Allstate Insurance Company
40.82.253.99,Microsoft Corporation
8.45.176.205,ByteDance Ltd.
163.181.23.224,"Beijing Bytedance Technology Co., Ltd."
163.181.23.176,"Beijing Bytedance Technology Co., Ltd."
3.6.165.219,Poshvine Technologies Pvt. Ltd.
20.85.236.10,"American Cancer Society, Inc."
47.246.167.197,Lazada Group S.A.
217.74.71.147,GRUPA INTERIA.PL MEDIA Sp. z o.o.
52.52.16.210,Sleep Number Corporation
202.90.110.13,Shanghai Hanfu Holding Limited
202.90.108.5,Shanghai Hanfu Holding Limited
47.246.165.208,Alibaba Group Holding Limited
39.96.27.110,Lenovo Group Limited
182.92.74.21,Lenovo Group Limited
61.168.54.15,"Beijing ByteDance Technology Co., Ltd."
58.144.126.131,"Beijing ByteDance Technology Co., Ltd."
88.99.174.27,Admixer LLC
59.82.132.140,Lazada Group GmbH
185.128.239.39,Webedia SA
185.128.239.66,Webedia SA
185.170.207.188,Evotor OOO
165.225.216.14,"Zscaler, Inc."
185.170.207.117,Evotor OOO
178.248.234.61,"Tutu.ru, LLC"
8.45.176.210,"Beijing Bytedance Technology Co., Ltd."
103.102.202.125,"Beijing Kuaishou Technology Co., Ltd."
18.214.116.207,"Airtable, Inc."
176.34.132.42,Time Out Group plc
45.79.47.170,The OpenLDAP Foundation
131.130.70.140,University of Vienna
47.246.137.200,Alibaba Group Holding Limited
52.242.129.176,University of Nebraska-Lincoln
51.250.123.126,Cian Group Limited
199.30.228.244,"DomainTools, LLC"
213.209.36.1,Italiaonline S.p.A.
116.162.5.204,"Beijing Feishu Technology Co., Ltd."
52.21.15.185,Trustindex Kft.
192.175.186.137,"The Vanguard Group, Inc."
196.216.2.24,African Network Information Centre (AFRINIC) Ltd.
185.12.212.53,Wargaming Group Limited
100.25.177.228,"Celtra, Inc."
3.105.225.84,"PayPal, Inc."
54.201.228.248,Capital One Financial Corporation
43.159.112.90,Kingsoft Office Software Corporation Limited
64.98.36.5,Future Publishing Limited
34.8.88.25,"Gainsight, Inc."
47.246.165.237,Lazada Group S.A.
155.102.54.140,Sina Corporation
168.61.172.114,City of New York
199.102.137.156,SSL Corp.
60.247.168.251,"Xiamen ChinaSource Internet Service Co., Ltd."
34.211.108.47,Micro Focus International plc
213.133.107.241,Hetzner Online GmbH
74.112.186.156,"Box, Inc."
93.165.155.184,United Nations Development Programme
124.156.200.37,StarMaker Interactive Inc.
64.40.11.1,Tanium Inc.
91.199.212.151,Sectigo Limited
45.66.98.4,MY.GAMES B.V.
5.35.28.88,Samokat Tech LLC
130.64.213.141,Tufts University
45.90.244.232,Samokat Tech LLC
195.201.151.221,MariaDB Foundation
3.233.113.133,Trustindex Kft.
209.202.254.90,"Lycos, Inc."
3.29.113.186,BeyondTrust Corporation
51.112.83.72,BeyondTrust Corporation
159.138.132.105,"Midea Group Co., Ltd."
203.119.238.220,Daraz Group
199.71.0.151,"American Registry for Internet Numbers, Ltd."
16.148.147.118,"Samsung Electronics Co., Ltd."
129.159.124.34,"Cable One, Inc."
50.17.169.43,"PayPal, Inc."
100.31.165.115,"PayPal, Inc."
59.36.4.62,"Vivo Mobile Communication Co., Ltd."
89.207.56.200,Raidió Teilifís Éireann
44.218.172.120,Cvent Inc.
54.163.225.50,University of Iowa
109.24.47.212,SFR S.A.
20.49.97.16,American Association for the Advancement of Science (AAAS)
40.118.246.51,DMCA.com Protection Services
109.194.148.150,ER-Telecom Holding JSC
52.9.63.131,"PubNub, Inc."
34.196.44.139,"Rocket Money, Inc."
35.83.115.171,Oregon State University
34.211.108.45,"LegalZoom.com, Inc."
34.54.133.46,Schneider Electric SE
3.218.57.31,Malwarebytes Inc.
192.29.107.158,Oracle Corporation
34.120.66.255,"Optable, Inc."
51.140.152.154,The Football Association Premier League Limited
129.153.217.152,Oracle Corporation
162.216.194.78,"Intermedia.net, Inc."
192.188.163.1,Iowa State University
178.248.236.69,MANGO OFFICE JSC
34.253.40.182,"Jamf Software, LLC"
129.128.5.224,University of Alberta
91.215.43.174,"Garant-Service, Ltd."
18.138.33.111,"CQuotient, Inc."
35.163.215.19,"Casio Computer Co., Ltd."
52.11.216.49,"Casio Computer Co., Ltd."
52.4.201.47,"Memfault, Inc."
40.74.1.177,Farfetch UK Limited
35.95.234.93,KingsGroup Holdings
81.69.130.121,Pinduoduo Inc.
192.0.66.96,"Supplyframe, Inc."
117.122.209.130,"Qunar.com Information Technology Co., Ltd."
121.5.84.15,Pinduoduo Inc.
123.59.180.202,"Qunar.com Information Technology Co., Ltd."
192.102.162.236,Fraunhofer-Gesellschaft zur Förderung der angewandten Forschung e.V.
91.107.86.61,"Simply Good Software, Inc."
52.32.253.174,"Braintree Payments, LLC"
192.35.177.68,"IdenTrust, Inc."
138.1.123.58,Oracle Corporation
147.154.54.172,Oracle Corporation
74.208.232.200,1&1 Mail & Media Inc.
35.219.227.195,Il Sole 24 Ore S.p.A.
147.154.41.141,Oracle Corporation
20.119.0.30,TechSmith Corporation
202.146.3.250,PT Kompas Media Nusantara
95.213.201.187,Tilda Publishing LLC
37.230.159.145,Prosveshcheniye Publishing House JSC
128.186.250.178,Florida State University
43.202.69.23,Atlassian Corporation Plc
172.179.182.7,Outbrain Inc.
216.80.0.78,Poetry Foundation
129.159.94.43,TDS Telecommunications LLC
20.80.31.81,TechSmith Corporation
216.226.1.31,"Paycom Software, Inc."
195.88.224.86,Farpost LLC
195.88.224.85,Farpost LLC
34.232.5.121,"Viator, Inc."
34.111.220.252,"Twingate, Inc."
216.226.2.26,"Paycom Software, Inc."
64.225.108.175,Snigel Web Services Limited
3.226.158.185,"Dotdash Meredith, Inc."
86.105.244.3,TransIP B.V.
40.71.11.132,Family Zone Cyber Safety Limited
52.111.243.45,Microsoft Corporation
54.236.125.218,"PBase.com, LLC"
54.85.105.29,University of Notre Dame
54.163.78.226,"PBase.com, LLC"
206.195.196.176,"Principal Financial Services, Inc."
47.131.42.170,Bundl Technologies Private Limited
101.132.242.222,"Xiaoyi Technology Co., Ltd."
18.142.76.239,Bundl Technologies Private Limited
136.228.192.17,"iboss, Inc."
52.200.18.205,"Autodesk, Inc."
161.239.244.251,UBS Group AG
54.169.48.64,"Guangdong OPPO Mobile Telecommunications Corp., Ltd."
202.90.21.251,"Guangzhou Getui Information Technology Co., Ltd."
54.201.55.105,"Diigo, Inc."
129.74.249.137,University of Notre Dame
36.110.139.85,"Honor Device Co., Ltd."
220.197.31.37,"NetEase Youdao Information Technology (Beijing) Co., Ltd."
94.154.166.230,UBS Group AG
209.73.190.11,AOL Inc.
61.240.220.8,Tencent Holdings Limited
205.211.178.124,OpenText Corporation
62.64.7.170,Kommersant Publishing House JSC
188.185.48.40,CERN (European Organization for Nuclear Research)
34.223.206.18,Eli Lilly and Company
40.126.38.21,Singapore Network Information Centre (SGNIC) Pte Ltd
63.179.170.110,LetyShops GmbH
200.155.91.79,Banco Bradesco S.A.
193.226.203.83,Wizz Air Hungary Ltd.
199.167.110.92,"La Presse, Inc."
137.221.134.170,The National Archives
116.162.201.74,China Telecom Corporation Limited
36.99.250.115,China Telecom Corporation Limited
52.68.157.43,"Japan Airlines Co., Ltd."
129.170.226.127,Dartmouth College
8.25.82.230,"SZ DJI Technology Co., Ltd."
13.215.239.219,"Boston Dynamics, Inc."
34.120.52.64,Overleaf Ltd.
143.48.220.72,Cold Spring Harbor Laboratory
45.75.200.146,Trainline.com Limited
85.232.225.237,Gemius S.A.
13.66.138.98,Universal Electronics Inc.
162.125.85.21,"Dropbox, Inc."
38.84.164.134,Tencent Music Entertainment Group
36.112.20.111,Supreme People's Court of the People's Republic of China
34.111.18.115,Gumtree.com Limited
23.99.52.240,Universal Electronics Inc.
185.71.67.88,M.Video Management LLC
217.24.18.102,Qode Interactive LLC
103.129.28.104,"Gurunavi, Inc."
3.223.10.150,GNOME Foundation
40.123.45.47,University of Kentucky
34.111.230.211,Deutsche Bank AG
160.92.168.41,Direction de l'information légale et administrative (DILA)
122.10.103.131,Tencent Music Entertainment Group
45.113.192.82,"Baidu, Inc."
195.149.84.78,World News Inc.
54.228.11.33,Oura Health Oy
64.182.27.164,"Unicode, Inc."
93.159.104.206,Funke Mediengruppe GmbH & Co. KGaA
3.218.83.99,JPMorgan Chase & Co.
40.126.16.163,Microsoft Corporation
20.190.190.130,Microsoft Corporation
192.33.201.72,École Polytechnique Fédérale de Lausanne
18.198.171.174,Bayerische Motoren Werke AG
194.170.193.81,Al Nisr Publishing LLC
194.36.43.16,RTL Deutschland GmbH
134.193.117.9,University of Missouri
123.59.191.30,"Beijing Zhongguancun Online Science & Technology Co., Ltd."
211.188.221.72,"11Street Co., Ltd."
123.59.191.20,"Beijing Zhongguancun Online Science & Technology Co., Ltd."
208.71.193.175,"Monster Worldwide, Inc."
34.160.213.142,Virgin Media Inc.
217.160.86.63,IONOS SE
35.190.21.225,KapanLagi Youniverse
52.206.3.84,Anthology Inc.
194.213.115.178,RTL Nederland B.V.
50.18.132.188,"Menlo Security, Inc."
195.13.15.61,Proximus Group
46.161.53.227,AO Fontanka
217.20.147.5,Odnoklassniki Ltd
142.44.138.212,LiquidNet Ltd.
129.240.113.73,Universitetet i Oslo (University of Oslo)
40.64.128.229,"Thrift Books Global, LLC"
160.45.252.2,Freie Universität Berlin
162.13.74.150,Ipsos Group S.A.
129.237.135.235,The University of Kansas
166.73.4.197,"Clover Network, Inc."
216.57.217.228,"Mindbody, Inc."
52.126.194.135,Microsoft Corporation
129.237.135.135,The University of Kansas
44.239.125.81,"AppDynamics, LLC"
203.39.110.1,Special Broadcasting Service Corporation
52.211.73.218,Reach plc
130.161.128.105,Delft University of Technology
156.54.82.113,Telecom Italia S.p.A.
128.93.162.18,Institut National de Recherche en Informatique et en Automatique (INRIA)
83.244.224.121,The Board of Trustees of the Tate Gallery
129.206.13.71,Ruprecht-Karls-Universität Heidelberg
136.159.96.125,University of Calgary
5.150.158.67,"IMO.IM, Inc."
20.50.2.9,Europa Press S.A.
185.157.97.98,Sberbank of Russia
163.181.246.197,"Ant Group Co., Ltd."
94.103.67.4,Radiotelevizija Slovenija
66.22.8.98,Caterpillar Inc.
52.18.76.162,Genially Web S.L.
107.23.67.121,SAP SE
54.88.149.194,"Hearst Communications, Inc."
193.191.245.121,Government of Belgium
147.154.45.177,Cigna Corporation
159.69.174.250,FindMyKids LLC
54.246.251.192,Coupa Software Inc.
34.98.82.31,NoBroker Technologies Solutions Pvt. Ltd.
52.221.62.234,"Farlight Games Co., Ltd."
36.110.140.47,"Honor Device Co., Ltd."
213.252.50.141,Sport1 GmbH
113.28.162.225,AASTOCKS.com Limited
104.143.9.88,Fabulous.com Pty Ltd
82.208.41.65,Windguru s.r.o.
123.30.128.5,Tuoi Tre Newspaper
211.33.130.21,Yonhap News Agency
20.34.10.53,Microsoft Corporation
34.49.69.70,Opti Digital S.L.
64.18.70.10,Kitco Metals Inc.
13.111.144.17,National Railroad Passenger Corporation
38.70.198.140,Hyperwallet Systems Inc.
128.230.18.191,Syracuse University
194.228.31.87,TV Nova s.r.o.
20.50.2.45,Doğuş Yayın Grubu A.Ş.
217.160.72.46,1&1 IONOS SE
206.87.82.1,University of Victoria
193.62.192.229,European Molecular Biology Laboratory
103.146.246.28,Telkom Indonesia
52.1.143.156,"Hot Topic, Inc."
130.225.226.62,University of Copenhagen (Københavns Universitet)
188.68.188.99,ООО «Деловые Линии» (Delovye Linii LLC)
188.40.16.234,Webedia Gaming GmbH
193.169.180.252,Tchibo GmbH
35.162.175.212,Instituto Tecnológico y de Estudios Superiores de Monterrey
139.217.254.175,BASF SE
128.140.31.102,Styria Media Group AG
43.175.235.132,Kingsoft Office Software Corporation Limited
43.175.234.132,Kingsoft Office Software Corporation Limited
20.115.180.138,TomTom N.V.
185.128.239.111,Webedia SA
47.88.251.189,"Alibaba Cloud Computing Co., Ltd."
185.128.239.110,Webedia SA
193.137.29.26,Universidade do Porto
157.193.40.77,Universiteit Gent
202.175.162.183,MGM China Holdings Limited
92.43.192.1,Árvakur hf.
3.8.66.203,Deckers Outdoor Corporation
194.183.174.44,ТОВ Епіцентр К
148.177.145.2,"Johnson & Johnson Services, Inc."
185.5.82.34,Lidl Stiftung & Co. KG
192.30.71.90,"VMware, Inc."
194.95.245.150,Verein zur Förderung eines Deutschen Forschungsnetzes e.V.
100.21.137.183,Snowflake Inc.
200.10.251.114,Servicio de Impuestos Internos (SII)
108.160.97.44,Bandsintown LLC
41.203.16.67,MyBroadband Pty Ltd.
194.4.208.64,La Française des Jeux
46.137.52.225,Ajax Systems Inc.
83.96.134.12,Drawnames.com B.V.
66.226.70.81,The ODP Corporation
52.130.17.204,Microsoft Corporation
185.10.186.58,SkillCup LLC
198.217.252.45,CardinalCommerce Corporation
216.108.231.12,Scientific Research Publishing Inc.
54.215.132.38,"Renaissance Learning, Inc."
34.107.141.139,"Railway Technologies, Inc."
3.20.184.253,"Renaissance Learning, Inc."
15.222.96.44,Jane Software Inc.
187.72.16.145,Wildlife Studios Limited
107.20.226.40,"Teleparty, Inc."
37.35.1.39,Thales Group
72.240.104.198,"Block Communications, Inc."
184.169.209.203,"Intsig Information Co., Ltd."
213.152.204.59,designboom srl
23.83.127.200,Gembell Limited
84.237.119.67,"Russian Academy of Sciences, Siberian Branch"
157.148.33.67,Tencent Technology (Shenzhen) Company Limited
42.112.59.10,VCCorp Joint Stock Company
200.1.116.29,Administración Federal de Ingresos Públicos (AFIP)
47.92.73.9,"Beijing Roborock Technology Co., Ltd."
34.204.63.15,BrowserStack Inc.
3.6.244.63,CarDekho (Girnar Software Pvt. Ltd.)
15.223.62.214,Canadian Internet Registration Authority (CIRA)
212.175.180.6,Turkish State Meteorological Service
102.133.26.33,AutoTrader South Africa (Pty) Ltd
211.88.33.151,Ministry of Commerce of the People's Republic of China
34.149.199.163,"Sojern, Inc."
198.167.248.90,"Herbalife International of America, Inc."
3.6.106.39,Delhivery Limited
63.177.220.194,Dedeman SRL
167.115.9.76,"W.W. Grainger, Inc."
130.236.0.1,Linköping University
34.232.238.37,"American Diabetes Association, Inc."
34.117.197.73,FSN E-Commerce Ventures Limited
138.68.25.37,Radix FZC
44.255.150.78,"American Diabetes Association, Inc."
43.255.196.15,PT Telekomunikasi Selular
80.90.16.1,Lidl Stiftung & Co. KG
134.122.110.207,Galadari Printing and Publishing LLC
34.170.66.141,"Active Network, LLC"
51.210.216.17,Klevu Oy
115.112.141.10,Lokmat Media Pvt. Ltd.
34.8.116.182,"Sift Science, Inc."
47.106.67.164,Transsion Holdings
129.194.1.250,Université de Genève
34.214.246.198,"Squarespace, Inc."
148.76.157.61,Newsday LLC
112.64.218.29,"51job, Inc."
103.249.118.1,ICICI Securities Limited
35.165.75.13,Click Sales Inc.
169.224.255.99,"American Multi-Cinema, Inc."
178.248.232.222,VGTRK (All-Russia State Television and Radio Broadcasting Company)
85.128.224.122,Totalizator Sportowy Sp. z o.o.
117.28.234.35,"Yealink Network Technology Co., Ltd."
103.249.118.2,ICICI Securities Limited
148.163.149.96,"Discover Financial Services, Inc."
134.226.14.18,Trinity College Dublin
34.216.228.211,"Dream World Partners, Inc."
160.16.137.139,Nikkei Inc.
13.89.172.1,Syndigo LLC
91.216.225.210,Dedeman SRL
83.244.141.195,Victoria and Albert Museum
58.48.109.213,Dongfeng Motor Corporation
59.172.3.155,Dongfeng Motor Corporation
34.111.108.23,Mohalla Tech Private Limited
52.195.125.131,Donuts Co. Ltd.
43.155.124.18,"BabyBus Co., Ltd."
103.166.174.122,TCL Technology Group Corporation
84.205.194.184,Independent Authority for Public Revenue (AADE)
20.111.1.4,KING JOUET SAS
94.125.60.206,Zeturf France SAS
195.178.49.225,RTV Pink International Company
201.148.21.203,"Truper Herramientas, S.A. de C.V."
195.178.49.227,RTV Pink International Company
133.250.168.74,"Nomura Holdings, Inc."
200.188.6.196,"Truper Herramientas, S.A. de C.V."
13.202.49.128,Asclepius Wellness Private Limited
44.194.151.185,Tenjin Inc.
34.246.75.182,Federació Catalana de Futbol
194.33.69.21,Használtautó Informatikai Kft.
2.136.180.34,Grupo Semana S.A.
31.222.75.114,"Match Group, Inc."
62.108.227.103,Ferrari S.p.A.
3.109.100.139,Associated Broadcasting Company Private Limited
91.216.180.68,Dixons South-East Europe S.A.
52.210.247.238,Arnoldo Mondadori Editore S.p.A.
115.30.24.58,"Jupiter Shop Channel Co., Ltd."
111.206.98.20,"Beijing Kuwo Technology Co., Ltd."
109.238.90.138,YCLIENTS GmbH
47.95.165.133,"GeeTest, Inc."
20.112.250.133,Microsoft Corporation
159.226.242.100,Chinese Academy of Sciences
103.94.212.199,Kementerian Sosial Republik Indonesia
89.216.2.15,Serbia Broadband - Srpske kablovske mreže d.o.o.
43.144.202.153,58.com Inc.
83.96.134.11,Lootjestrekken.nl B.V.
212.109.216.137,Winline LLC
106.15.172.91,"GeeTest, Inc."
83.96.227.101,Lootjestrekken.nl B.V.
20.119.144.7,"Wolters Kluwer Health, Inc."
159.226.251.13,Chinese Academy of Sciences
59.82.23.171,Alibaba Group Holding Limited
202.219.56.232,TKC Corporation
194.9.38.6,JSC Telekanal Peterburg
107.155.119.178,SciTechDaily
130.113.213.190,McMaster University
3.86.37.148,"Springshare, LLC"
35.227.201.204,Spotify AB
158.145.65.37,State of Alaska
35.84.202.11,"Kos Media, LLC"
212.46.61.130,Jappy GmbH
141.84.155.107,Ludwig-Maximilians-Universität München
192.121.26.154,SchoolSoft AB
91.184.0.200,Hostnet B.V.
52.33.148.172,"Kos Media, LLC"
212.46.61.140,Jappy GmbH
203.249.147.237,"JoongAng Ilbo Co., Ltd."
112.33.110.15,China Mobile International Limited
54.69.133.50,ColibriWP SRL
74.120.8.13,pCloud AG
120.232.169.163,China Mobile International Limited
52.192.80.219,"Ruby Association, Inc."
128.172.22.56,Virginia Commonwealth University
217.118.241.187,World Food Programme
20.246.173.94,S. Karger AG
132.198.101.197,University of Vermont
192.40.4.23,"Eagle Eye Networks, Inc."
183.90.241.44,Xserver Inc.
202.226.37.5,Xserver Inc.
120.76.242.36,"Guangdong Pacific Internet Information Service Co., Ltd."
130.113.69.65,McMaster University
194.95.119.6,Statistisches Bundesamt (Federal Statistical Office of Germany)
216.158.237.94,TechPowerUp LLC
35.205.157.23,Voicemod S.L.
199.83.45.77,"ON24, Inc."
140.211.166.183,"Gentoo Foundation, Inc."
120.53.71.194,"Lumi United Technology Co., Ltd."
14.21.33.154,"Meizu Technology Co., Ltd."
52.213.191.15,"August Home, Inc."
52.48.184.24,"August Home, Inc."
150.108.166.31,Fordham University
74.235.250.48,U.S. Equal Employment Opportunity Commission
64.145.66.17,American Dental Association
206.189.53.222,SayGames Ltd
185.70.164.31,National Media Group JSC
213.182.13.82,Mediengruppe Pressedruck GmbH
40.70.147.12,"Total Wine & More, Inc."
34.252.76.195,Iberia Líneas Aéreas de España S.A.
52.67.151.87,Conselho Nacional de Justiça (Brazil)
192.155.70.167,Alarm.com Incorporated
82.100.220.15,goneo Internet GmbH
140.211.9.53,The Linux Foundation
205.234.134.84,QU-AX GmbH
155.102.54.144,"Beijing Daxiangren Information Technology Co., Ltd."
209.43.120.68,"DataBank Holdings, Ltd."
192.5.11.254,"PayScale, Inc."
189.125.97.125,Fundação Getulio Vargas
129.137.3.13,University of Cincinnati
192.5.11.5,"PayScale, Inc."
149.101.127.56,"U.S. Department of Justice, Office of Justice Programs"
132.230.100.2,Albert-Ludwigs-Universität Freiburg
156.225.111.236,China Economic Net
52.162.107.38,UL LLC
40.126.38.19,Microsoft Corporation
67.134.222.254,"American Broadcasting Companies, Inc."
13.80.72.185,Informa PLC
147.146.241.120,Equifax Inc.
20.62.246.214,West Virginia University
91.194.60.10,Cairn S.A.
52.32.246.141,Feature.fm Inc.
35.226.190.192,"PetaPixel, LLC"
67.18.140.140,Tonec Inc.
4.207.244.108,Hachette Filipacchi Presse
34.149.236.64,"Mailgun Technologies, Inc."
162.119.224.213,Kaiser Permanente
148.163.139.169,Kaiser Permanente
164.52.64.17,"Banggood Technology Co., Limited"
35.241.186.140,Mailjet SAS
205.168.155.114,National Conference of State Legislatures
129.177.52.49,University of Bergen
48.223.229.58,Progress Software Corporation
52.210.177.92,"Qihu 360 Software Co., Ltd."
194.110.203.1,Kontinental Hockey League
80.252.0.228,Agora S.A.
128.184.233.192,Deakin University
52.204.39.233,"Stride, Inc."
34.117.119.42,"Beatport, LLC"
208.68.246.135,"CBRE, Inc."
203.137.133.37,"Geniee, Inc."
145.220.21.40,SURF B.V.
18.223.227.56,SuperOps.ai Inc.
18.218.126.155,SuperOps.ai Inc.
4.210.131.2,GN Audio A/S
125.94.240.78,JOYY Inc.
54.150.68.20,"Honda Motor Co., Ltd."
159.60.152.94,"PayPal, Inc."
36.110.128.175,JOYY Inc.
44.243.99.189,Tulane University
100.48.134.42,"Fi, Inc."
61.195.53.13,"Square Enix Holdings Co., Ltd."
88.208.58.26,TrafficStars Ltd.
217.149.229.44,Stadt Wien (City of Vienna)
88.208.58.27,TrafficStars Ltd.
34.150.228.101,SAP SE
185.151.204.1,Adjust GmbH
91.224.182.45,AS Rus Media LLC
172.96.128.11,Infineon Technologies AG
130.239.2.231,Umeå University
211.233.22.161,The Hankyoreh Media Company
128.176.20.2,Westfälische Wilhelms-Universität Münster
40.71.11.133,Hexagon AB
185.26.123.233,Hostland LLC
137.224.205.22,Wageningen University & Research
44.215.245.85,"ACT, Inc."
204.141.42.199,Star Health and Allied Insurance Co Ltd
163.181.23.221,"Beijing ByteDance Technology Co., Ltd."
195.178.191.37,Bahnhof AB
103.8.52.42,"Samsung Electronics Co., Ltd."
131.216.2.10,"University of Nevada, Las Vegas"
1.13.131.49,Tencent Holdings Limited
3.221.195.135,"Cengage Learning, Inc."
194.254.37.207,Institut National de la Statistique et des Études Économiques (INSEE)
131.252.5.74,Portland State University
3.65.41.57,Personio GmbH
43.153.253.216,"H3C Technologies Co., Limited"
44.232.44.141,"DivvyPay, Inc."
18.197.86.47,Haufe-Lexware GmbH & Co. KG
134.76.176.197,Gesellschaft für wissenschaftliche Datenverarbeitung mbH Göttingen
80.75.66.231,Civic Computing Limited
54.76.90.51,GameDistribution B.V.
139.18.16.60,Universität Leipzig
168.62.181.108,"LongIsland.com, Inc."
193.14.90.197,Dipcon AB
35.196.128.191,"Poynter Institute for Media Studies, Inc."
130.18.0.109,Mississippi State University
217.149.156.98,"Vueling Airlines, S.A."
178.248.236.10,PIK Group
128.233.250.10,University of Saskatchewan
145.221.181.229,ING Groep N.V.
223.70.194.61,TravelSky Technology Limited
62.84.242.27,Flexwebhosting BV
106.3.18.232,"OnePlus Technology (Shenzhen) Co., Ltd."
202.214.74.228,Pia Corporation
98.96.224.72,TravelSky Technology Limited
52.33.18.97,Sony Pictures Entertainment Inc.
128.175.240.195,UniProt Consortium
139.18.110.147,Universität Leipzig
20.23.199.179,Netatmo SAS
212.128.131.25,Universidad de Salamanca
94.130.142.35,Open-Meteo
198.137.233.30,ASTM International
194.206.126.204,Orange S.A.
198.54.96.130,"Supplyframe, Inc."
84.16.253.1,"HostArmada, Inc."
40.113.177.19,Microsoft Corporation
134.76.22.1,Gesellschaft für wissenschaftliche Datenverarbeitung mbH Göttingen
220.197.34.83,"NetEase, Inc."
20.49.110.144,Microsoft Corporation
3.130.126.83,ASTM International
131.246.120.212,Technische Universität Kaiserslautern
20.66.38.45,"American Academy of Ophthalmology, Inc."
34.49.34.96,Hostelworld Group
44.215.118.144,"Amazon.com, Inc."
137.151.116.203,"California State University, Fullerton"
130.202.228.253,U.S. Department of Energy (Argonne National Laboratory)
95.172.90.116,Ex Libris Ltd.
13.41.235.238,The Cochrane Collaboration
128.139.7.33,The Hebrew University of Jerusalem
219.232.207.93,Beijing Municipal Government
203.119.238.19,Cainiao Smart Logistics Network Limited
213.33.117.249,Fronius International GmbH
52.193.217.243,NEC Corporation
195.38.23.17,CROC Incorporated
51.137.22.54,Arc'teryx Equipment Inc.
172.212.128.192,Banco Central do Brasil
210.140.139.132,Pixiv Inc.
210.140.139.137,Pixiv Inc.
35.190.33.81,Payoneer Inc.
198.212.64.54,"Harley-Davidson Motor Company Group, LLC"
50.207.228.242,"American Academy of Ophthalmology, Inc."
202.6.213.113,PT Bank Central Asia Tbk
49.12.114.118,Muffin Group
52.140.110.202,Microsoft Corporation
20.190.190.133,Microsoft Corporation
51.143.208.26,Microsoft Corporation
54.74.105.168,Sixt SE
68.232.128.201,"Cisco Systems, Inc."
54.78.134.100,Red Gate Software Ltd
98.89.99.187,"A360 Media, LLC"
184.72.235.45,"Keeper Security, Inc."
100.22.119.158,"California State University, Northridge"
130.111.30.135,University of Maine System
3.37.121.11,LG Uplus Corporation
54.215.78.176,Campaign Monitor Pty Ltd
222.138.1.61,Prada S.p.A.
134.60.1.11,Universität Ulm
208.93.230.27,Chatango LLC
13.80.110.146,SGS Société Générale de Surveillance SA
182.22.16.123,Yahoo Japan Corporation
34.224.118.43,Druva Inc.
118.126.69.55,Pinduoduo Inc.
52.2.255.253,Elsevier Inc.
194.85.30.251,Ministry of Foreign Affairs of the Russian Federation
155.102.55.29,"Baidu Online Network Technology (Beijing) Co., Ltd."
193.62.193.83,European Molecular Biology Laboratory (EMBL)
209.38.224.22,OptiMonk International Zrt.
132.203.246.8,Université Laval
221.122.85.69,"Beijing Dangdang Kewen E-commerce Co., Ltd."
47.112.112.25,"Ruijie Networks Co., Ltd."
44.224.64.152,The Regents of the University of California
3.229.24.43,SendtoNews Video Inc.
63.140.36.107,"Everyday Health, Inc."
131.113.132.12,Keio University
61.241.55.16,China Literature Limited
114.94.162.183,China Literature Limited
129.119.235.250,Southern Methodist University
204.2.197.84,Dstillery Inc.
83.96.239.49,Scribbr B.V.
20.246.118.126,Douglas Harper
91.221.164.92,Novatek OAO
35.158.127.51,Olam Food Ingredients (OFI)
61.135.231.28,Ministry of Finance of the People's Republic of China
3.74.116.178,Bayerische Motoren Werke AG
67.23.116.161,"Zeno Media, LLC"
34.8.249.45,Protected.net Group Limited
52.228.84.38,Microsoft Corporation
20.105.232.2,Microsoft Corporation
134.245.44.81,Christian-Albrechts-Universität zu Kiel
66.194.187.17,"Micro Electronics, Inc."
36.133.24.197,China Mobile Limited
200.3.14.15,Latin American and Caribbean Internet Addresses Registry (LACNIC)
35.190.82.175,"CyberAgent, Inc."
52.130.2.45,Unity Software Inc.
82.202.247.83,Izvestia JSC
81.19.92.86,Rambler Group
192.55.208.20,"ALSAC/St. Jude Children's Research Hospital, Inc."
52.26.250.206,"Bodybuilding.com, LLC"
134.147.64.8,Ruhr-Universität Bochum
81.163.23.245,"Tilda Publishing, Ltd."
52.173.94.173,"Blackbaud, Inc."
150.217.5.54,Università degli Studi di Firenze
88.198.21.111,Martin Prikryl
162.215.2.16,Digital Content Next
134.93.178.200,Johannes Gutenberg-Universität Mainz
44.218.112.20,ForeFlight LLC
159.125.78.155,"Intercontinental Exchange, Inc."
85.118.181.5,Moscow Exchange
148.62.70.179,NuData Security Inc.
134.193.44.11,University of Missouri-Kansas City
159.26.226.80,"The Christian Broadcasting Network, Inc."
165.100.253.180,Xiaomi Corporation
103.55.149.32,National Australia Bank Limited
193.30.119.52,Filemail AS
193.30.119.51,Filemail AS
185.26.104.169,NETIM SARL
120.46.34.42,Babytree Group
74.112.186.165,"Box, Inc."
34.107.224.99,"All About, Inc."
91.136.8.51,Telefónica Germany GmbH & Co. OHG
35.205.30.81,City A.M. Limited
185.78.172.240,ReadSpeaker Holding B.V.
185.129.96.84,StarLine LLC
52.228.84.35,FlexJobs Corporation
35.244.179.68,Rakuten Viki Inc.
130.44.210.14,American Mathematical Society
34.160.71.213,"Setmore, Inc."
116.162.169.116,"Beijing Linglong Tech Co., Ltd."
40.118.9.5,Canon Inc.
199.185.178.81,OpenBSD Project
195.134.65.121,National and Kapodistrian University of Athens
54.160.25.132,"Resy Network, Inc."
140.109.5.50,Academia Sinica
147.32.252.142,Czech Technical University in Prague
45.120.70.179,Korean Broadcasting System (KBS)
20.191.109.50,SanMar Corporation
209.201.52.210,New York Public Radio
78.155.198.101,Igooods LLC
100.52.14.90,The New York Times Company
185.78.172.241,ReadSpeaker Holding B.V.
103.52.144.131,PT Arkadia Digital Media Tbk
192.30.252.153,Greenshot e.V.
20.247.40.76,"Samsung Electronics Co., Ltd."
128.180.6.1,Lehigh University
147.83.194.120,Universitat Politècnica de Catalunya
103.143.17.146,"Beijing Xieli Zhucheng Technology Co., Ltd."
35.227.244.195,"BMW of North America, LLC"
193.146.3.222,Instituto Cervantes
52.141.217.89,"Webcollage, Inc."
20.77.159.110,Refinitiv US LLC
91.201.60.5,Oderland Webbhotell AB
185.184.254.10,Shoptet s.r.o.
3.136.175.48,"Invaluable, LLC"
128.203.153.102,"Micron Technology, Inc."
134.171.42.5,European Southern Observatory
98.87.171.150,"Woot, Inc."
52.143.247.23,"TokenEx, LLC"
81.236.57.55,Telia Company AB
131.239.114.114,SharkNinja Operating LLC
119.235.210.174,Perum LKBN Antara
183.182.92.184,Perum LKBN Antara
162.136.80.66,"The Hartford Financial Services Group, Inc."
143.166.28.113,Dell Technologies Inc.
43.205.37.183,Lenskart Solutions Private Limited
128.180.152.1,Lehigh University
81.89.183.12,Saint Petersburg State University
149.32.227.114,BAE Systems plc
194.36.162.115,Eesti Rahvusringhääling (ERR)
91.199.251.7,Aladdin R.D. LLC
107.21.98.143,QRZ LLC
35.244.251.3,"Glean Technologies, Inc."
54.150.49.130,"Fuji News Network, Inc."
54.67.122.174,LLVM Foundation
119.39.74.142,"Shanghai Bilibili Technology Co., Ltd."
54.74.140.173,Storyly Inc.
95.67.63.13,National Public Broadcasting Company of Ukraine
52.86.72.49,"Salsify, Inc."
18.232.253.218,"Salsify, Inc."
144.122.145.153,Middle East Technical University
185.71.67.17,SuperJob LLC
138.253.13.159,The University of Liverpool
131.154.52.31,Istituto Nazionale di Fisica Nucleare (INFN)
185.16.44.89,LVMH Moët Hennessy Louis Vuitton SE
194.36.162.137,Eesti Rahvusringhääling (ERR)
81.28.224.31,Variomedia AG
194.8.63.90,Organization for Security and Co-operation in Europe
212.224.70.30,First Colo GmbH
4.216.205.141,Reliance Industries Limited
195.64.155.20,Center of Ukrainian Internet Names (UKRNAMES)
18.232.254.23,"Chegg, Inc."
91.236.122.159,wallstreet:online AG
35.188.0.217,"Adara, Inc."
193.149.173.3,Memorial University of Newfoundland
95.128.178.66,LLC Servionica
18.177.169.227,"Nintendo Co., Ltd."
3.223.49.132,Mattel163 Limited
193.110.189.179,SportSolution B.V.
194.84.71.131,Open Integration Inc.
192.225.158.132,Jumia Group
143.89.190.139,The Hong Kong University of Science and Technology
52.174.7.133,Israeli Public Broadcasting Corporation
23.102.21.198,Texthelp Ltd.
185.151.204.203,Adjust GmbH
43.154.252.31,Shanghai DZH Limited
4.216.205.136,Inland Revenue Board of Malaysia
128.123.128.234,New Mexico State University
3.225.220.37,"Autodesk, Inc."
172.212.128.196,Northwestern Memorial HealthCare
140.116.229.1,National Cheng Kung University
98.88.66.239,"Autodesk, Inc."
52.57.137.250,advolution GmbH
80.64.109.170,Open Integration Inc.
193.37.157.43,Cryptographic Service Provider LLC
20.209.163.226,"IGI Global, Inc."
18.209.206.50,"Edelman Public Relations Worldwide, LLC"
140.77.166.178,École Normale Supérieure de Lyon
170.249.211.218,WPMet LLC
162.125.2.21,Dropbox Inc.
91.221.164.38,OOO Livemaster
185.128.239.11,Overblog SAS
132.187.1.43,Julius-Maximilians-Universität Würzburg
159.226.7.2,China Internet Network Information Center
37.17.95.103,A1 Telekom Austria Group
35.163.146.4,"PagerDuty, Inc."
101.201.70.32,Cheetah Mobile Inc.
34.252.131.162,ATG Media Holdings Limited
153.90.2.127,Montana State University
130.234.6.170,University of Jyväskylä
138.197.6.175,"Ruby Central, Inc."
157.86.191.240,Fundação Oswaldo Cruz
43.175.134.104,Futu Holdings Limited
35.186.233.217,MonsterInsights LLC
16.148.167.93,"Aimtell, Inc."
180.101.190.53,"Shanghai 2345 Network Technology Co., Ltd."
20.86.211.246,Joint United Nations Programme on HIV/AIDS (UNAIDS)
66.231.91.36,"Seven & i Holdings Co., Ltd."
79.142.30.136,QIWI plc
98.85.145.184,"DHI Group, Inc."
131.91.103.21,Florida Atlantic University
149.31.1.20,The New School
35.207.116.225,Erli.pl S.A.
40.81.153.108,UK Research and Innovation
52.21.250.113,"ActiveProspect, Inc."
193.200.37.132,Allo Group LLC
134.209.153.173,"Programiz, Inc."
72.22.93.4,Reclaim Hosting LLC
81.171.6.76,Rudaw Media Network
52.117.136.103,"Japan Guide Co., Ltd."
193.2.254.23,Academic and Research Network of Slovenia (ARNES)
34.95.110.88,Ferns N Petals Pvt. Ltd.
13.68.29.136,Fluke Corporation
161.200.254.81,Chulalongkorn University
129.176.3.12,Mayo Foundation for Medical Education and Research
51.159.62.140,Scaleway SAS
91.212.89.224,Government of Uzbekistan
52.19.57.181,Condé Nast France SAS
81.88.58.195,Nominalia Internet S.L.
213.219.36.190,Alpine Linux Development Team
34.90.225.198,Webador B.V.
108.44.238.29,"BetaNews, Inc."
185.151.204.206,Adjust GmbH
64.98.39.3,ZenBusiness Inc.
3.236.206.93,Adobe Inc.
3.236.206.94,Adobe Inc.
139.198.16.252,"Beijing SegmentFault Technology Co., Ltd."
54.163.125.154,"Spoonflower, Inc."
54.89.108.111,UXCam Inc.
47.246.167.83,Daraz Group
129.227.29.104,"OnePlus Technology (Shenzhen) Co., Ltd."
129.227.29.254,"OnePlus Technology (Shenzhen) Co., Ltd."
20.248.216.49,Australian Government
185.165.123.108,ООО ТЭК-Торг (Tek-Torg LLC)
52.209.64.1,Callsign Inc.
152.66.115.53,Budapest University of Technology and Economics
93.125.30.168,"Reliable Software, Ltd."
149.10.125.56,New York State Education Department
71.243.136.99,"360 PSG, Inc."
217.11.198.215,comdirect bank AG
111.124.203.38,"NetEase, Inc."
31.186.18.142,Turkticaret.Net Yazilim Hizmetleri Sanayi ve Ticaret A.S.
3.227.177.139,"Jobvite, Inc."
202.156.53.145,China Southern Airlines Company Limited
184.154.96.243,"TMDHosting, LLC"
34.128.172.121,"CivicPlus, Inc."
193.41.197.4,UAB Lrytas
216.154.194.15,Brightree LLC
134.7.248.184,Curtin University
120.26.40.187,Soulgate Inc.
193.33.128.27,METANET AG
203.209.245.120,"Ant Group Co., Ltd."
130.104.130.20,Université catholique de Louvain
208.95.50.59,"Liberty University, Inc."
213.92.115.123,Istituto della Enciclopedia Italiana fondata da Giovanni Treccani S.p.A.
54.151.47.231,Campaign Monitor Pty Ltd
52.172.219.121,Axis Bank Limited
54.219.217.117,Campaign Monitor Pty Ltd
199.5.50.33,AUDI AG
212.95.66.10,Groupe ParuVendu SAS
192.36.171.237,Swedish University Computer Network (SUNET)
34.128.188.167,Family Zone Cyber Safety Limited
209.107.78.5,Rotary International
35.190.120.34,ARD (Arbeitsgemeinschaft der öffentlich-rechtlichen Rundfunkanstalten der Bundesrepublik Deutschland)
109.238.88.103,ITECO Oilfield Supply Group LLC
155.102.55.28,"Beijing ByteDance Technology Co., Ltd."
165.225.80.38,"Zscaler, Inc."
194.152.42.150,SC Editura Intact SRL
66.22.85.200,"Fiserv, Inc."
124.74.249.45,"Bank of Communications Co., Ltd."
63.35.109.177,2N Telekomunikace a.s.
180.169.181.75,"Bank of Communications Co., Ltd."
210.28.130.5,Nanjing University
217.13.72.66,IServ GmbH
213.161.149.32,Türkiye İş Bankası A.Ş.
152.10.13.168,Appalachian State University
68.66.248.31,Spitogatos S.A.
167.165.233.29,City of Chicago
12.40.28.146,"W. W. Norton & Company, Inc."
68.66.224.36,"A2 Hosting, Inc."
130.74.126.26,University of Mississippi
85.187.128.56,"A2 Hosting, Inc."
82.132.141.133,Telefónica UK Limited
93.148.195.119,Ministero della Salute (Italian Ministry of Health)
18.215.3.128,"Meta Platforms, Inc."
173.236.87.21,Clarip Inc.
92.205.4.105,Yahoo Inc.
164.41.102.70,Universidade de Brasília
52.228.42.76,Dentons Global Advisors LLC
20.105.216.38,Awaken Realms GmbH
194.55.30.42,Deutsche Welle
195.122.191.210,Ableton AG
3.37.113.73,"Korean Air Lines Co., Ltd."
144.2.16.24,LinkedIn Corporation
190.160.0.137,VTR Comunicaciones SpA
129.27.2.158,Graz University of Technology
35.211.72.108,"Heartland Payment Systems, LLC"
193.62.24.106,Loughborough University
20.42.128.103,University of Idaho
77.72.45.224,Université de Strasbourg
18.204.46.173,Ethyca Inc.
129.27.200.1,Graz University of Technology
198.135.203.12,"Eyefinity, Inc."
136.226.26.24,"Zscaler, Inc."
129.101.163.86,University of Idaho
54.150.247.228,"Belkin International, Inc."
198.135.203.29,"Eyefinity, Inc."
58.251.27.124,ZTE Corporation
57.182.65.242,"Buzzvil Co., Ltd."
195.69.192.152,Österreichische Bundesbahnen-Holding AG
193.6.52.250,University of Pécs
101.43.153.189,MikeCRM Inc.
216.107.244.67,NCSOFT Corporation
62.103.146.101,SKAI Broadcasting S.A.
52.63.237.70,TPG Telecom Limited
20.48.202.168,Duke University Press
152.3.100.165,Duke University Press
54.242.143.242,North Carolina Education Lottery
44.207.173.122,"Meross Technology Co., Ltd."
20.50.2.86,AB Volvo
195.77.128.153,Comunidad de Madrid
153.112.160.122,AB Volvo
192.31.140.202,Algonomy Software Private Limited
195.243.121.51,Mediengruppe Kreiszeitung GmbH & Co. KG
60.28.204.247,"LeEco (Leshi Internet Information and Technology Corp., Beijing)"
40.126.35.19,Sistema Verdes Mares
4.207.12.89,Barco NV
54.64.174.22,Creema Ltd.
185.55.178.37,Polar Electro Oy
195.89.241.169,Yodel Delivery Network Limited
210.65.113.128,ASUS Cloud Corporation
3.11.187.173,What3words Limited
194.84.16.42,Polyus Gold International Limited
185.6.178.139,Entain plc
116.7.231.124,Autel Intelligent Technology Corp. Ltd.
77.93.211.134,"InMeteo, s.r.o."
20.116.42.0,Microsoft Corporation
210.65.113.110,ASUS Cloud Corporation
124.215.204.170,Infomart Corporation
84.201.136.178,InAppStory LLC
198.84.14.116,WestJet Airlines Ltd.
193.140.13.218,Türkiye Bilimsel ve Teknolojik Araştırma Kurumu (TÜBİTAK)
54.197.228.33,"Mars, Incorporated"
109.248.38.131,Za Rulem Publishing House
44.237.26.178,Autel Intelligent Technology Corp. Ltd.
194.127.250.62,Institut National de l'Audiovisuel
104.209.192.206,"Centris, a division of the Quebec Federation of Real Estate Boards"
178.172.250.246,"Reliable Software, Ltd."
47.241.39.178,Daraz Group
43.135.105.195,Tencent Holdings Limited
129.226.103.17,Tencent Holdings Limited
40.126.62.130,Surfline/Wavetrak Inc.
13.52.20.127,Campaign Monitor Pty Ltd
192.241.228.85,Airfind Corporation
54.176.81.4,Campaign Monitor Pty Ltd
192.241.229.243,Airfind Corporation
42.194.227.144,Nanfang Media Group
193.108.106.98,ŠKODA AUTO a.s.
200.61.205.50,Telecom Argentina S.A.
44.221.211.200,Arvig Enterprises Inc.
35.166.203.173,"Link.com, Inc."
185.117.132.1,IQ Option Ltd.
52.30.9.119,Paramount Global
211.133.244.119,United Arrows Ltd.
35.153.145.193,Frontline Technologies Group LLC
143.90.14.137,SoftBank Corp.
49.4.46.170,"Huawei Technologies Co., Ltd."
35.240.65.13,Allterco Robotics EOOD
13.192.105.97,"TSUTAYA Co., Ltd."
43.206.43.157,"TSUTAYA Co., Ltd."
52.174.150.25,Digitaliseringsstyrelsen
130.231.241.46,University of Oulu
51.250.118.217,Sravni.ru LLC
200.17.209.3,Universidade Federal do Paraná
200.142.198.44,"Honda Motor Co., Ltd."
216.66.17.35,"Evony, LLC"
80.158.80.50,Cornelsen Verlag GmbH
54.171.50.108,"Livestorm, Inc."
138.40.78.94,"City, University of London"
193.166.29.155,University of Oulu
93.95.241.77,Kazakhtelecom JSC
35.207.244.219,Resfeber Labs Private Limited
91.228.54.78,Tricolor TV LLC
91.217.227.145,INVITRO LLC
34.98.101.108,Manash Lifestyle Pvt. Ltd.
44.232.45.52,University of San Francisco
113.38.164.82,"PAGE ONE Co., Ltd."
54.37.94.192,Haufe-Lexware GmbH & Co. KG
195.195.116.1,The National Gallery
185.203.239.196,VEON Ltd.
164.15.253.17,Université Libre de Bruxelles
93.186.225.194,VK Company Limited
209.15.37.7,Webnames.ca Inc.
143.248.155.12,Korea Advanced Institute of Science and Technology
134.155.96.211,Universität Mannheim
199.40.253.51,Blue Dart Express Limited
52.40.196.217,BuySellAds.com Inc.
85.111.3.23,MAPA Mobilya ve Aksesuar Pazarlama A.Ş.
67.221.227.222,"RealTime Fantasy Sports, Inc."
20.239.211.144,"Databricks, Inc."
209.15.37.19,Webnames.ca Inc.
91.217.227.146,INVITRO LLC
204.102.64.19,Los Angeles Community College District
59.82.9.177,"Shenzhen iMyfone Technology Co., Ltd."
203.175.9.128,PT. Inilah Dot Com
27.221.125.159,"Beijing Tianji Information Technology Co., Ltd."
160.75.126.253,Istanbul Technical University
190.55.252.185,Telecentro S.A.
185.113.25.50,"Clique Brands, Inc."
62.244.244.195,Bankalararası Kart Merkezi A.Ş.
162.215.3.16,QHoster Ltd.
35.227.249.27,WonderPush SAS
130.220.1.97,University of South Australia
35.244.16.242,Uttar Pradesh Power Corporation Limited
213.252.143.209,The New Yorker Bekleidungs GmbH
100.51.247.76,Vanta Inc.
40.114.7.204,"ANSYS, Inc."
178.159.32.140,T1 Group
18.116.11.251,Wine-Searcher Ltd.
195.35.113.60,Blue Letter Bible
162.55.133.188,Sirv Limited
121.241.245.17,Allsec Technologies Limited
3.133.186.17,"Discovery Education, Inc."
36.67.56.46,PT Astra Honda Motor
44.217.106.106,"Virtualmin, Inc."
35.181.139.242,Commanders Act SAS
52.47.63.117,Commanders Act SAS
35.231.26.64,"Idera, Inc."
209.133.198.220,Core77 Inc.
212.81.119.3,SwissSign AG
116.202.109.71,win.rar GmbH
178.248.237.182,Sunlight Group
98.88.98.232,"PrizeGrab, LLC"
84.205.246.138,General Secretariat for Information Systems (Greece)
20.190.144.161,Elgiganten A/S
67.202.92.65,WPX Hosting Ltd
43.229.13.208,"National Identity Wing, Government of Bangladesh"
209.59.130.48,Evike.com Inc.
52.230.1.186,Yahoo Taiwan Holdings Limited
128.23.248.203,Medical University of South Carolina
16.58.66.73,"ShopMy, Inc."
67.227.230.58,Evike.com Inc.
34.160.48.158,Guardsquare NV
37.130.193.7,Mobile TeleSystems PJSC
203.82.24.14,Squiz Group Pty Ltd.
172.214.149.164,Mayo Foundation for Medical Education and Research
193.108.186.160,FinecoBank S.p.A.
65.38.108.25,Wix.com Ltd
52.68.187.61,"Matsui Securities Co., Ltd."
194.232.72.14,ORS Österreichische Rundfunksender GmbH & Co KG
92.114.98.4,DEX online Association
185.64.255.1,Squiz Group Pty Ltd.
52.12.121.125,University of San Diego
103.18.3.42,University of Malaya
16.54.60.91,University of New Brunswick
5.175.14.248,airable GmbH
35.175.15.101,"University of Phoenix, Inc."
49.51.181.116,Tencent Holdings Limited
20.190.141.9,Heathrow Airport Limited
92.242.39.57,Sunlight Group
210.188.194.133,OCNK Inc.
210.236.244.76,"GRAS Group, Inc."
185.93.2.248,Adria Media Zagreb d.o.o.
193.50.135.38,Université de Lorraine
34.128.172.98,DuMont Mediengruppe GmbH & Co. KG
103.18.3.80,University of Malaya
194.76.232.186,"State Government of Brandenburg, Germany"
136.143.189.127,"BooksTime, Inc."
34.102.131.81,GROUPE ADEO SA
44.212.163.208,Impel.io Inc.
42.117.1.227,Vietnam News Agency
82.202.192.246,Usedesk LLC
74.178.204.17,City of Amsterdam
133.6.83.226,Nagoya University
18.213.167.26,"GoDaddy.com, LLC (formerly owned by Poynt Co.)"
185.117.168.251,Hostfactory GmbH
62.76.102.220,Usedesk LLC
185.117.169.100,Hostfactory GmbH
106.11.226.180,"Shenzhen Jiguang Technology Co., Ltd."
122.17.135.79,"Hard Off Corporation Co., Ltd."
51.75.52.89,Association for Democratic Reforms
139.17.3.227,FOSSGIS e.V.
178.79.150.123,SamKnows Ltd
94.130.123.203,Cliplister GmbH
54.228.5.230,DICE FM Ltd.
35.244.218.227,"ToDesktop, Inc."
50.207.65.115,Subaru Corporation
193.134.75.169,Baloise Group
68.218.134.192,Swinburne University of Technology
137.117.254.156,Wärtsilä Corporation
160.74.72.69,Japan Science and Technology Agency (JST)
195.142.244.190,Türkiye Vakıflar Bankası T.A.O.
213.156.45.73,Automobili Lamborghini S.p.A.
103.102.202.72,Kuaishou Technology
103.102.202.84,Kuaishou Technology
49.51.168.209,"Nubia Technology Co., Ltd."
193.137.122.15,Universidade Nova de Lisboa
52.137.105.241,Euromonitor International Ltd.
195.177.116.33,"Internet Invest, Ltd. dba Imena.ua"
158.227.0.15,Universidad del País Vasco/Euskal Herriko Unibertsitatea
52.224.141.199,"American Institute of Certified Public Accountants, Inc."
78.27.225.76,"Internet Invest, Ltd. dba Imena.ua"
185.245.164.154,OVS S.p.A.
18.216.7.101,"Knock, Inc."
14.143.112.218,Mid-Day Infomedia Limited
136.186.255.142,Swinburne University of Technology
3.151.52.207,Miami University
20.170.106.16,n8n GmbH
85.153.149.54,Kariyer.net Elektronik Yayıncılık ve İletişim Hizmetleri A.Ş.
200.19.65.210,Sistema Meteorológico do Paraná (SIMEPAR)
185.85.0.35,Lidl Stiftung & Co. KG
39.102.67.60,DouYu International Holdings Limited
103.56.190.111,"Kementerian Pendidikan, Kebudayaan, Riset, dan Teknologi Republik Indonesia"
85.195.127.146,1C International LLC
31.129.58.114,JuicyScore Pte. Ltd.
35.187.169.250,Bytro Labs GmbH
85.195.127.148,1C International LLC
54.82.137.161,"Clipcentric, Inc."
51.195.68.171,win.rar GmbH
159.180.133.131,AbbVie Inc.
66.54.108.57,"Carter's, Inc."
15.206.201.97,HealthPlix Technologies Private Limited
138.246.102.22,Bayerische Staatsbibliothek
158.75.1.45,Uniwersytet Mikolaja Kopernika w Toruniu
23.22.242.106,Match Masters Ltd.
5.254.117.201,Mijn.Host B.V.
209.170.205.126,"Illumina, Inc."
136.153.8.80,Australian Capital Territory Government
188.166.104.92,Open-Xchange AG
143.229.1.17,Vassar College
83.240.239.180,Radio Popular Electrodomesticos SA
35.231.12.44,"American Booksellers Association, Inc."
213.134.62.135,Institución Ferial de Madrid
3.123.96.42,Site.pro LLC
13.75.218.45,Australian Competition and Consumer Commission
103.224.182.253,WJ Partners Pty Ltd
141.166.35.106,University of Richmond
198.90.68.32,"CommScope Holding Company, Inc."
212.224.114.207,Verbraucherzentrale Bundesverband e.V.
20.190.148.164,"Alcoholics Anonymous World Services, Inc."
20.167.95.54,University of Canterbury
180.222.116.12,Yahoo Inc.
37.247.239.156,Telewizja Polsat Sp. z o.o.
37.247.239.155,Telewizja Polsat Sp. z o.o.
162.13.83.46,Indigo Stream Technologies Ltd
112.74.1.104,MoYoung Ltd.
194.69.184.10,Canon Europa N.V.
34.149.122.18,"Locally, LLC"
172.172.255.228,Mediterranean Shipping Company S.A.
199.233.217.205,"The NetBSD Foundation, Inc."
23.20.240.211,Apify Technologies s.r.o.
74.82.62.69,Tony Robbins Productions Inc.
129.146.61.229,"Shenzhen Blurams Technology Co., Ltd."
54.218.6.196,"Intellimize, Inc."
195.43.52.76,Bundesministerium für Wirtschaft und Klimaschutz (BMWK)
52.71.14.129,SecureWorks Inc.
180.210.64.164,Interpark Holdings Corporation
194.6.194.190,Steinberg Media Technologies GmbH
185.85.1.151,Lidl Stiftung & Co. KG
139.219.67.206,Nestlé S.A.
168.61.6.174,"MeridianLink, Inc."
40.73.45.237,Nestlé S.A.
34.8.147.172,Broadcom Inc.
34.107.186.64,Neat AS
141.117.126.121,Toronto Metropolitan University
62.193.63.42,Établissement public du musée d'Orsay et de l'Orangerie
34.194.80.19,"When I Work, Inc."
52.21.112.130,Brookhaven National Laboratory
58.23.47.225,"Akuvox Networks Co., Ltd."
141.147.176.138,Vector Inc.
208.81.33.113,"MeridianLink, Inc."
152.160.49.19,"Attendance on Demand, Inc."
202.126.62.41,Television Broadcasts Limited
202.165.148.114,China Airlines Ltd.
3.236.206.95,Adobe Inc.
202.126.48.122,Television Broadcasts Limited
20.190.190.132,"Sport Lisboa e Benfica - Futebol, SAD"
178.248.233.29,PECOM Group
185.65.151.3,Dixy Group JSC
112.84.131.64,"Beijing Beida Founder Information Industry Group Co., Ltd."
222.94.225.196,"Beijing Beida Founder Information Industry Group Co., Ltd."
134.82.129.29,Bucknell University
122.9.49.137,"Xiamen Yaoyao Network Technology Co., Ltd."
153.104.7.30,Villanova University
185.8.56.251,Host-telecom.com s.r.o.
158.85.87.71,Namespro Solutions Inc.
204.44.248.50,Polaris Industries Inc.
3.15.159.81,Polaris Industries Inc.
74.207.224.185,HotNewHipHop LLC
34.96.120.128,"Mailgun Technologies, Inc."
91.217.243.5,Aegean Airlines S.A.
34.160.13.42,"Mailgun Technologies, Inc."
54.81.102.49,RunRepeat ApS
185.76.64.158,StableHost LLC
197.235.1.25,Vodacom Mozambique
43.144.202.131,"Anjuke Information Technology Co., Ltd."
13.72.17.233,"CivicPlus, Inc."
13.111.214.87,Southern California Edison Company
160.16.122.20,"OFF Line Co., Ltd."
195.96.224.9,Bulgarian Academy of Sciences
218.77.183.38,Hainan Provincial People's Government
109.124.94.222,PeterStar LLC
192.65.159.36,"International Code Council, Inc."
116.90.230.82,Central Depository System and Clearing Limited
160.17.1.60,"Recruit Co., Ltd."
46.183.139.69,Gigahost ApS
217.195.65.15,PeterStar LLC
208.184.29.252,"Greyhound Lines, Inc."
185.133.184.100,Sinergise Laboratory for Geographical Information Systems Ltd.
3.66.251.71,Beeper Inc.
66.112.153.23,"DTN, LLC"
54.242.55.115,"ZineOne, Inc."
61.100.4.232,"Money Today Co., Ltd."
82.192.89.1,Leaseweb Global B.V.
20.190.144.137,Centro Paula Souza
40.126.16.164,Centro Paula Souza
35.186.251.135,"Five9, Inc."
147.175.1.163,Slovak University of Technology in Bratislava
23.111.128.197,African Union Commission
193.17.44.122,National Bank of Ukraine
34.231.108.37,"Bondware, Inc."
54.155.245.240,Ubuy Co. W.L.L.
210.231.181.42,Co-op Deli Consumer's Co-operative Union
123.124.249.124,China Petroleum & Chemical Corporation (Sinopec)
3.88.98.244,Mastercard International Incorporated
131.183.52.243,University of Toledo
3.221.105.5,Mastercard International Incorporated
113.29.183.30,Kakao Pay Corporation
168.90.175.144,Instituto Nacional da Propriedade Industrial
63.27.26.70,Verizon Communications Inc.
59.106.4.87,Co-op Deli Consumer's Co-operative Union
95.217.170.197,Academic Dictionaries and Encyclopedias
98.91.52.67,"FlightStats, Inc."
43.136.36.229,"Gree Electric Appliances, Inc."
34.198.86.45,"Hearst Communications, Inc."
107.23.86.138,Premier Farnell Limited
51.104.28.73,Care Quality Commission
20.40.202.10,Microsoft Corporation
121.192.178.179,Xiamen University
219.229.81.211,Xiamen University
47.246.131.79,Alibaba Group Holding Limited
212.19.59.196,Plus.line AG
195.208.223.49,DOM.RF Bank JSC
195.49.210.56,"Bitrix, Inc."
130.193.53.216,Uzum Market LLC
34.110.229.65,Thales Group
3.66.124.155,Playable Factory Ltd.
223.130.204.23,SNOW Corporation
57.155.52.94,The Ascott Limited
5.153.224.106,Bytemark Limited
121.254.133.15,MBC (Munhwa Broadcasting Corporation)
129.213.199.151,El Colombiano S.A.
89.169.24.11,Petrovich Development LLC
129.80.243.46,El Colombiano S.A.
52.144.54.123,MMSOFT Design Ltd.
209.212.145.29,MMSOFT Design Ltd.
114.250.44.6,"Alibaba Cloud Computing Co., Ltd."
114.250.52.173,"Alibaba Cloud Computing Co., Ltd."
211.249.55.28,"Kyunghyang Shinmun Co., Ltd."
35.214.39.197,National Society for the Prevention of Cruelty to Children
58.76.184.6,"HANGANG Systems, Inc."
20.157.112.232,Macmillan Cancer Support
131.220.86.60,Institute of Labor Economics (IZA)
183.90.160.129,Vietnam Airlines JSC
104.46.101.59,"Advance Publications, Inc."
54.179.253.117,Singapore Telecommunications Limited
195.178.36.81,Telekom Srbija a.d.
218.245.1.81,Caixin Media Company Ltd.
185.31.211.9,SIM-Networks GmbH
183.84.18.194,Beike (KE Holdings Inc.)
101.230.234.149,China Eastern Airlines Corporation Limited
116.202.226.165,BeamNG GmbH
192.81.221.174,Speedchecker Ltd
195.78.95.86,Dennis Publishing Ltd.
131.189.161.232,Lidl Stiftung & Co. KG
20.105.216.11,Lidl Stiftung & Co. KG
52.83.39.254,"Beijing Yanxiu Information Technology Co., Ltd."
52.83.185.165,"Beijing Yanxiu Information Technology Co., Ltd."
40.126.35.87,The University of Jordan
202.114.0.250,Huazhong University of Science and Technology
34.76.116.223,Inline Manual Ltd
23.21.149.125,"The Odyssey Online, LLC"
34.251.123.143,Phrase GmbH
104.155.68.210,Conrad Electronic SE
34.120.101.57,"Angel Studios, Inc."
216.249.57.2,Wilfrid Laurier University
50.207.56.178,"National Council on Aging, Inc."
18.207.13.1,"AllStar Link, Inc."
134.161.7.226,University of Northern Iowa
175.41.140.106,Singapore Management University
54.167.171.239,G/O Media Inc.
52.8.162.139,McGraw Hill LLC
54.148.240.102,"Bolt Financial, Inc."
195.19.40.114,Bauman Moscow State Technical University
130.123.10.48,Massey University
54.147.245.198,"ShopStyle, Inc."
20.50.2.10,Universidad de Castilla-La Mancha
20.190.190.193,Clarins SAS
202.120.189.175,Tongji University
3.150.194.25,Telewizja Polska S.A.
118.31.20.61,"Hangzhou Meari Technology Co., Ltd."
149.101.25.25,Federal Bureau of Prisons
72.167.56.227,"Xirsys, Inc."
143.126.211.8,Ministère de la Culture (France)
59.82.12.138,"Hangzhou Meari Technology Co., Ltd."
54.86.47.15,Matador Ventures Inc.
20.2.52.95,PR Newswire Association LLC
65.183.4.126,Jamaica Observer Limited
70.34.19.48,"Cequint, Inc."
221.120.239.86,Pakistan Telecommunication Company Limited
198.161.230.105,Alberta Health Services
72.52.191.241,Hobart King LLC
211.46.114.70,"Asia Economy Co., Ltd."
107.21.104.61,The University of Texas Health Science Center at San Antonio
129.111.23.219,The University of Texas Health Science Center at San Antonio
121.129.66.175,"Asia Economy Co., Ltd."
31.214.213.51,EURid vzw/asbl
39.105.66.133,Chinese Academy of Sciences
20.157.194.12,Yale University
217.192.59.134,Scott Sports SA
3.95.107.231,"MyCase, Inc."
148.77.2.66,Academy of Management
3.209.189.107,KaiOS Technologies Inc.
92.205.91.27,"Redbox Automated Retail, LLC"
162.216.250.232,Scott Sports SA
91.199.212.148,"DigiCert, Inc."
54.172.228.231,"Chicago-Kent College of Law, Illinois Institute of Technology"
193.36.32.202,International Institute for Management Development
50.170.161.198,"National Organization for Rare Disorders, Inc."
52.151.81.125,NHS Scotland
13.68.101.62,Coldwell Banker Real Estate LLC
46.165.248.125,Hacksaw Gaming Limited
99.80.232.166,PriceRunner International AB
137.166.252.225,Charles Sturt University
91.226.49.4,Far Eastern Shipping Company (FESCO)
212.237.249.19,Wannafind A/S
20.252.61.163,United Nations Office for the Coordination of Humanitarian Affairs
148.61.30.129,Grand Valley State University
91.216.218.85,"Panda Security, S.L."
34.120.237.201,Stichting Internet Domeinregistratie Nederland (SIDN)
65.1.32.87,Vtitan Corporation Pvt Ltd
217.115.120.66,"Blockchair, Inc."
113.207.26.104,"Tsinghua Tongfang Knowledge Network Technology Co., Ltd."
66.77.125.125,Entertainment Partners LLC
34.248.98.230,Elsevier B.V.
202.106.183.90,China Securities Regulatory Commission
178.248.239.157,Timeweb LLC
103.139.239.10,"Aetas, Inc."
192.73.21.250,University of Waikato
195.235.70.13,Telefónica S.A.
152.46.6.153,U.S. Department of Labor
145.12.218.168,Rijksdienst voor Ondernemend Nederland (RVO)
52.39.27.105,"Samsung Electronics Co., Ltd."
3.22.80.3,SuperPlay Ltd.
84.46.83.138,Artix Linux Project
98.64.137.26,Kompass International SA
128.93.166.12,Software Heritage
5.152.246.63,Ministero dell'Economia e delle Finanze
185.75.250.251,Intourist LLC
194.169.240.12,CCM Benchmark Group
149.20.97.178,Nominet UK
144.76.67.134,RepkaSoft LLC
217.21.237.158,City of Stockholm
147.228.52.160,University of West Bohemia
193.29.71.64,Deutsche Börse AG
147.228.4.22,University of West Bohemia
23.239.26.73,Space Weather News
153.122.145.106,"Japan Registry Services Co., Ltd."
37.9.168.176,Casino Guru s.r.o.
121.9.201.145,"Shenzhen Jobui Network Technology Co., Ltd."
134.94.4.47,Forschungszentrum Jülich GmbH
20.254.186.47,Historic England
34.67.235.207,"Porch.com, Inc."
185.71.67.130,Monetka Group
59.82.122.45,Alibaba Group Holding Limited
159.60.137.78,Senior Sistemas S.A.
100.33.141.98,Guttmacher Institute
54.85.151.192,"Domo, Inc."
20.234.73.173,The British United Provident Association Limited
54.242.200.167,The Catholic University of America
130.68.119.26,Montclair State University
50.19.98.136,"Museum of Fine Arts, Boston"
136.242.2.100,The Catholic University of America
93.191.240.151,Jobrapido Srl
195.83.1.84,Université de Lille
40.162.24.98,Mercedes-Benz Group AG
100.22.51.196,"Amazon.com, Inc."
141.113.192.171,Mercedes-Benz Group AG
104.245.173.195,United States Institute of Peace
54.206.62.196,TPP Wholesale Pty Ltd
212.149.50.232,Commerzbank AG
194.58.31.4,St. Petersburg State University
111.50.138.53,"Beijing SafeDog Technology Development Co., Ltd."
44.209.201.66,InvGate SRL
54.241.161.249,Web Commerce Communications Limited
98.90.216.213,Phase Five Systems LLC
35.170.234.231,"DistributorCentral, LLC"
44.205.32.91,"Datto, Inc."
35.81.216.211,Dynatrace LLC
23.226.122.150,"AdMida Insight, LLC"
212.164.138.233,Public Joint Stock Company ALROSA
204.93.163.12,WebHostingPad.com Inc.
13.52.43.40,University of Southern Mississippi
201.48.101.6,Algar Telecom S/A
217.194.182.211,THRON S.p.A.
54.218.28.145,"Pear Deck, Inc."
43.144.202.142,"Beijing Ganji Information Technology Co., Ltd."
212.109.26.243,Sampo.ru LLC
54.167.193.122,"Houston Association of Realtors, Inc."
52.88.193.50,ShoppingGives LLC
103.23.226.76,Universitas Sebelas Maret
103.23.226.78,Universitas Sebelas Maret
168.100.107.128,Vonage Holdings Corp.
54.183.0.47,Infinity Tracking Limited
68.67.45.42,La Maison Simons Inc.
20.190.163.19,"Universal Music Group, Inc."
98.67.183.227,Tet SIA
213.145.228.49,Ledl.net GmbH
194.158.45.194,Malta Gaming Authority
35.186.220.250,LeoVegas AB
35.227.194.227,LeoVegas AB
3.104.182.41,MailGuard Pty Ltd
103.27.65.15,Vietnam Television
47.74.42.22,"Shenzhen Pikbest Technology Co., Ltd."
195.7.190.182,Sistema PJSFC
54.73.45.141,Docebo Inc.
167.16.64.179,"Fiserv, Inc."
20.75.0.98,Shift4Shop (formerly 3dcart)
195.7.190.50,Sistema PJSFC
13.69.68.5,WienTourismus
91.222.130.250,Samara National Research University
54.161.219.213,"Punchbowl, Inc."
203.13.206.5,Victoria University
159.226.244.33,National Natural Science Foundation of China
35.172.40.220,"Atomix Productions, Inc."
159.226.244.46,National Natural Science Foundation of China
185.146.251.200,Kartina Digital GmbH
45.66.99.204,MY.GAMES B.V.
40.79.154.192,"PayPal, Inc."
103.197.89.250,PT Bisnis Indonesia
194.63.248.52,Domeneshop AS
109.237.142.17,Alfahosting GmbH
47.77.210.168,IM30 Technology Limited
12.20.117.252,Snap-on Incorporated
138.197.235.123,"Chameleon Intelligent Tech, Inc."
114.255.59.73,Ministry of Culture and Tourism of the People's Republic of China
106.3.136.106,"Capital Online Data Service Co., Ltd."
142.147.105.150,Rayobyte LLC
3.139.247.252,"Heller Information Services, Inc."
171.244.30.211,VIE Channel JSC
66.155.40.165,WordPress Foundation
178.248.234.43,AlfaStrakhovanie Group
108.56.65.29,"Heller Information Services, Inc."
213.33.175.201,AlfaStrakhovanie Group
77.75.79.5,"Seznam.cz, a.s."
40.85.143.107,University of Plymouth
91.223.195.22,Level27 BV
200.225.102.94,Banco Nacional de Desenvolvimento Econômico e Social (BNDES)
20.90.134.20,University of Plymouth
120.226.10.39,Hunan Daily Press Group
200.225.103.94,Banco Nacional de Desenvolvimento Econômico e Social (BNDES)
189.9.32.60,Ministério do Trabalho e Emprego
47.88.107.44,Cupshe LLC
160.114.8.24,University of Szeged
8.159.153.190,YY Inc.
59.110.82.226,YY Inc.
34.197.79.168,"LotLinx, Inc."
5.179.0.75,University of Latvia
202.162.192.238,PT Media Nusa Permana
98.67.183.229,Kiwa N.V.
54.220.109.74,"Air Europa Líneas Aéreas, S.A.U."
15.204.109.3,World Vision International
45.56.79.8,Hexasoft Development Sdn. Bhd.
52.71.18.43,New York City Department of Parks & Recreation
93.185.104.4,PIPNI s.r.o.
62.76.145.33,Federal Service for Veterinary and Phytosanitary Surveillance (Rosselkhoznadzor)
204.235.229.28,"City of Houston, Texas"
89.45.237.186,"Coalition for Seamless Access, Inc."
108.61.178.80,Ninja Kiwi Limited
211.106.66.1,Yonhap News Agency
158.195.4.13,Comenius University in Bratislava
158.195.4.93,Comenius University in Bratislava
217.22.97.32,Iberdrola S.A.
20.105.216.17,The Irish News Ltd.
202.8.174.210,Shinsegae Inc.
20.107.224.2,Templafy ApS
195.177.80.170,Toyota Motor Europe NV/SA
173.249.144.118,The Good Men Project LLC
44.210.225.244,Cloud Imperium Games Corporation
3.233.251.235,Cloud Imperium Games Corporation
35.214.33.238,STATSCORE Sp. z o.o.
192.9.145.213,"Launch Tech Co., Ltd."
129.159.123.226,Hearst Television Inc.
34.202.119.6,"Nxtbook Media, LLC"
195.14.229.171,MUSIC STORE professional GmbH
147.4.253.15,Hofstra University
52.52.180.56,"Tennis Warehouse, LLC"
18.163.30.112,"Espressif Systems (Shanghai) Co., Ltd."
3.120.68.222,bunq B.V.
184.72.41.254,"BrightSign, LLC"
5.39.224.140,DigiCube SARL
13.200.41.136,Atlassian Pty Ltd
209.188.114.21,"Brownrice Internet, Inc."
20.50.2.36,EcoVadis SAS
34.220.10.56,"Radio Paradise, Inc."
131.151.247.20,Missouri University of Science and Technology
130.246.92.26,Science and Technology Facilities Council
40.70.147.7,"The Conference Board, Inc."
208.91.243.73,"Market America, Inc."
4.207.204.152,Health Service Executive
93.63.152.145,Valentino S.p.A.
45.174.128.200,IXC Soft Tecnologia Ltda.
192.101.139.212,Pittsburgh Supercomputing Center
200.3.120.67,Universidad Nacional de Rosario
209.59.190.159,Island Hosting Ltd.
167.16.35.161,"Fiserv, Inc."
130.235.20.66,"Lunds Tekniska Högskola (Faculty of Engineering, Lund University)"
156.62.238.43,Auckland University of Technology
82.211.32.188,Wimmer Medien GmbH & CoKG
82.211.32.86,Wimmer Medien GmbH & CoKG
213.148.65.47,Türk Ekonomi Bankası A.Ş.
66.96.163.141,American Astronomical Society
44.227.136.236,Adobe Inc.
91.136.24.20,Telenor ASA
213.145.147.157,State Tax Service under the Ministry of Economy and Finance of the Kyrgyz Republic
13.237.223.3,News Life Media Pty Ltd
175.101.2.11,Excell Media Pvt Ltd
85.159.72.222,Allianz Sigorta A.Ş.
20.210.64.6,Japan Information Processing Development Corporation (JIPDEC)
168.100.81.10,Vonage Holdings Corp.
34.102.140.177,Orange Belgium SA
66.22.79.217,DIRECTV Latin America LLC
35.245.47.49,Hands Mobile Advertising Ltda.
13.75.66.141,"Hyland Software, Inc."
199.253.101.2,Xylem Inc.
34.150.215.153,Hands Mobile Advertising Ltda.
207.254.85.21,"Phreesia, Inc."
202.62.218.1,Hong Kong Economic Times Holdings Limited
18.195.83.149,Genesis Media Limited
20.126.154.183,Department for Education (UK Government)
20.28.178.42,Edith Cowan University
100.51.61.154,Cluep Inc.
211.234.118.52,EC21 Inc.
216.251.32.180,"Domain-It, Inc."
134.99.128.238,Heinrich Heine University Düsseldorf
78.24.10.181,VSHosting s.r.o.
144.200.17.212,Universitätsspital Zürich
134.99.2.253,Heinrich Heine University Düsseldorf
144.200.17.210,Universitätsspital Zürich
18.181.23.222,WOWOW Inc.
216.128.124.240,"[24]7.ai, Inc."
31.217.192.237,Suomen Hostingpalvelu Oy
13.111.18.35,The University of Texas Southwestern Medical Center
91.206.127.224,Sberbank of Russia
20.48.204.14,National Grid plc
170.9.240.198,ValidClick LLC
185.5.82.160,Verlag C.H.BECK oHG
1.14.224.87,"Shenzhen Dianxiaomi Network Technology Co., Ltd."
120.77.157.90,"Shenzhen M5Stack Technology Co., Ltd."
31.202.133.199,Maxnet LLC
31.217.192.190,Suomen Hostingpalvelu Oy
34.140.149.209,GlobalWebIndex Ltd
156.111.225.4,NewYork-Presbyterian Hospital
44.228.87.199,Skio Inc.
13.75.46.26,Microsoft Corporation
178.209.56.136,Nine Internet Solutions AG
13.94.47.87,Microsoft Corporation
79.98.107.85,Pensoft Publishers Ltd.
142.3.1.25,University of Regina
165.132.14.104,Yonsei University
223.130.169.81,Yonsei University
213.136.63.73,Bahnhof AB
52.175.64.109,Shoutcast SPRL
195.65.42.238,Adcubum AG
200.3.149.136,Pontificia Universidad Javeriana
192.42.82.53,The Scripps Research Institute
212.157.1.73,Lyreco SAS
217.169.196.35,Akbank T.A.S.
158.108.4.241,Kasetsart University
3.210.222.13,Vizerra SA
103.21.127.100,Indian Institute of Technology Bombay
161.38.245.11,"Phreesia, Inc."
51.104.28.80,NHS Digital
62.76.145.99,Federal Service for Veterinary and Phytosanitary Surveillance (Rosselkhoznadzor)
36.138.255.156,China Mobile Communications Corporation
141.138.91.186,"Bedrock Technology Partners, LLC"
212.83.169.215,XnSoft
81.70.125.73,"GrowingIO, Inc."
212.227.224.235,Vogel Communications Group GmbH & Co. KG
43.132.139.225,"Shenzhen Anycubic Technology Co., Ltd."
129.226.106.19,"Sensors Data Co., Ltd."
34.8.227.130,"Zhejiang Huayou Cobalt Co., Ltd."
162.13.149.215,OLBG Ltd
78.47.98.190,GIANTS Software GmbH
194.36.166.10,"Ouvaton, Coop SA"
202.226.101.235,"Nippon Travel Agency Co., Ltd."
193.201.190.88,UNAS Online Kft.
31.27.22.170,Ministero del Lavoro e delle Politiche Sociali
198.178.78.15,"Molex, LLC"
76.80.202.130,"Lamps Plus, Inc."
85.118.200.48,Cygrids Communications AB
209.183.236.179,American Academy of Child and Adolescent Psychiatry
211.169.247.240,"Seoul Shinmun Co., Ltd."
134.1.10.7,Alfred-Wegener-Institut Helmholtz-Zentrum für Polar- und Meeresforschung
202.91.16.170,Total Access Communication Public Company Limited
54.68.55.140,"California State Polytechnic University, Humboldt"
203.238.182.91,"GMO Makeshop Co., Ltd."
52.173.139.99,"American Academy of Allergy, Asthma & Immunology, Inc."
35.186.196.166,Achievers Solutions Inc.
42.159.39.39,Microsoft Corporation
13.67.63.90,Dentons Global Advisors LLC
46.28.106.48,"WEDOS Internet, a.s."
52.237.130.0,"BDO USA, LLP"
203.116.209.64,DBS Bank Ltd
194.165.48.123,Statistics Poland
156.111.236.56,NewYork-Presbyterian Hospital
152.20.254.156,University of North Carolina Wilmington
3.132.53.122,"StrongDM, Inc."
3.21.14.135,Alertus Technologies LLC
3.151.207.15,UnitedHealth Group Incorporated
199.167.149.50,Etherscan Pte. Ltd.
147.91.173.106,University of Novi Sad
176.58.127.19,Lexsynergy Limited
150.31.179.81,"2nd Street Co., Ltd."
202.3.77.253,Indian Institute of Technology Kanpur
79.124.76.100,"MobiSystems, Inc."
192.40.158.32,California Academy of Sciences
54.248.150.184,The Toronto-Dominion Bank
18.169.20.188,British Red Cross Society
216.83.131.162,Fibernet Corporation
221.122.54.35,"Beijing Huatu Hongyang Education Technology Co., Ltd."
210.197.72.101,Biglobe Inc.
150.165.254.184,Universidade Federal da Paraíba
44.199.111.16,Idaho State University
194.56.34.170,Stadt Zürich
203.141.142.8,"Interlink Co., Ltd."
85.91.64.136,Xunta de Galicia
89.45.67.160,QHoster Ltd.
178.248.234.2,Biglion LLC
3.254.19.255,Dixa ApS
40.88.52.17,Steelcase Inc.
185.187.30.110,Vade Secure SAS
140.143.115.200,Beijing Networkbench Inc.
34.146.159.152,"Mandarake Co., Ltd."
52.70.107.13,Cable Color S.A. de C.V.
89.107.74.124,"Marsh & McLennan Companies, Inc."
54.162.244.138,"The Trade Desk, Inc."
52.13.255.222,Best Friends Animal Society
185.137.116.2,Priorbank JSC
188.34.189.187,Link-Assistant.Com
51.124.109.37,Paragon Software Group GmbH
59.55.120.82,Jiangxi Provincial Government
13.223.162.187,"Hugging Face, Inc."
192.0.66.143,Tokyo Reporter LLC
54.149.192.200,Affinity Inc.
54.208.138.206,"Hugging Face, Inc."
209.190.172.22,"Education Development Center, Inc."
188.138.102.155,Admantx S.p.A.
93.188.40.98,Miko Group
178.248.233.138,Alfa Capital Holdings (Cyprus) Limited
146.229.4.157,The University of Alabama in Huntsville
13.78.150.96,United States Olympic & Paralympic Committee
160.111.244.19,Biodiversity Heritage Library
93.188.43.144,Miko Group
207.4.216.202,North Carolina Department of Transportation
44.195.111.137,Outbyte Computing Pty Ltd
212.118.158.1,Saudi Telecom Company
52.89.68.85,Don Johnston Incorporated
52.36.163.10,"Observe, Inc."
47.254.56.245,"SZ DJI Technology Co., Ltd."
137.117.139.107,ECCO Sko A/S
44.223.193.203,MicroStrategy Incorporated
20.86.103.55,EnBW Energie Baden-Württemberg AG
47.236.56.143,Sensors Data Inc.
198.232.216.5,"BrightEdge Technologies, Inc."
20.246.175.211,Florida Fish and Wildlife Conservation Commission
18.168.126.187,Ministry of Justice
178.177.5.9,Federal Agency for State Property Management (Russian Federation)
173.249.147.66,Stanford University
34.120.168.234,"GMO Internet Group, Inc."
222.138.2.159,OEKO-TEX Service GmbH
44.247.58.81,"Samsung Electronics Co., Ltd."
87.255.56.162,Realworks B.V.
34.218.146.137,"Wyze Labs, Inc."
52.196.10.130,"Marui Group Co., Ltd."
18.136.143.215,Argus Media Limited
35.174.131.209,10Times Online Private Limited
167.99.21.196,"Design Milk Co., LLC"
37.19.3.69,Russian Football Union
52.31.157.92,The Irish Times DAC
50.19.209.161,Videri Inc.
173.203.172.0,Edge Foundation Inc.
116.202.5.156,IT-Recht Kanzlei GmbH
193.174.6.44,Wissenschaftszentrum Berlin für Sozialforschung gGmbH
74.39.145.210,"Wegmans Food Markets, Inc."
207.34.11.14,Global Tel*Link Corporation
84.22.116.121,"Foscam, Inc."
200.219.235.19,Penso Tecnologia Ltda
217.5.150.139,Zwilling J.A. Henckels AG
54.68.216.127,Bubbl.us LLC
35.238.65.228,"RD Station, Inc."
81.0.213.157,"MapFactor, s.r.o."
19.12.97.37,Ford Motor Company
79.98.45.44,Ehiweb S.r.l.
34.210.182.99,EGYM GmbH
116.162.225.154,"China UnionPay Co., Ltd."
218.33.123.36,Radio Republik Indonesia
167.235.105.231,Saarbrücker Zeitung Verlag und Druckerei GmbH
198.202.70.94,NeurIPS Foundation
129.192.177.10,Telefonaktiebolaget LM Ericsson
80.74.157.102,"DNH Domain Names Hosting, LLC"
211.46.114.74,"BitMango, Inc."
52.23.96.62,"SavvyMoney, Inc."
5.182.226.116,ООО Сибирикс (Sibirix LLC)
217.153.230.178,Ministerstwo Rodziny i Polityki Społecznej
5.75.239.169,BitNinja Technologies Zrt.
20.61.98.0,Microsoft Corporation
116.131.255.187,"Shanghai Meiqia Network Technology Co., Ltd."
34.120.117.96,ATB Financial
20.49.103.3,Microsoft Corporation
113.204.207.122,"Chongqing Changan Automobile Co., Ltd."
183.66.200.180,"Chongqing Changan Automobile Co., Ltd."
52.66.168.77,Ethos Summit Private Limited
50.203.72.110,"5.11, Inc."
157.148.25.147,"GF Securities Co., Ltd."
3.123.152.46,Honeywell International Inc.
172.214.219.217,"Mindbody, Inc."
44.223.158.103,U.S. Department of Health and Human Services
185.85.84.223,Terrapinn Holdings Ltd
208.77.216.243,"Virtbiz Internet Services, LLC"
107.170.21.171,"Infosec Institute, Inc."
98.86.185.59,Halo Service Solutions Ltd
59.111.181.166,"NetEase, Inc."
198.71.248.151,"GoDaddy.com, LLC"
27.121.92.186,"Tokyo Metro Co., Ltd."
150.214.72.152,Universidad de Cádiz
150.214.76.198,Universidad de Cádiz
5.45.196.38,Boxberry LLC
177.12.171.253,KingHost Web Hosting Ltda.
168.161.224.14,NetherRealm Studios LLC
150.139.247.201,"LeEco (Leshi Internet Information and Technology Corp., Beijing)"
34.49.73.131,Protected.net Group Limited
162.211.80.236,David Carpenter
27.114.159.187,Dhiraagu Plc
52.26.38.9,Hostever LLC
195.201.111.246,Discover Car Hire Ltd
152.160.70.221,KUKA Aktiengesellschaft
140.111.34.172,"Ministry of Education, Taiwan"
91.216.163.80,UAB Interneto Vizija
64.57.100.5,"Slackware Linux, Inc."
209.66.73.88,Girl Scouts of the United States of America
12.4.17.38,American Federation of Labor and Congress of Industrial Organizations (AFL-CIO)
120.197.229.171,"Bank of Guangzhou Co.,Ltd"
184.73.203.208,Woobox LLC
182.236.92.154,Shogakukan Inc.
12.239.122.157,"E2open, LLC"
146.7.10.150,Missouri State University
209.169.244.57,"Sorenson Communications, LLC"
12.239.122.129,"E2open, LLC"
18.196.37.165,Immonet GmbH
35.189.83.157,Kudos Innovations Ltd
157.124.1.57,OP Financial Group
54.83.53.190,"The Leukemia & Lymphoma Society, Inc."
198.27.92.3,OVH SAS
54.153.56.183,MultiBank Group
184.73.5.155,"Demosphere International, Inc."
45.56.113.205,College of Charleston
35.190.16.123,Snap Inc.
13.134.83.109,CV Library Ltd
3.7.224.244,HackerEarth Inc.
119.63.198.161,Baidu Japan Inc.
185.74.238.69,CV Library Ltd
202.117.80.4,Northwestern Polytechnical University
216.18.188.175,"YTMND, Inc."
44.194.140.69,"GroundTruth, Inc."
54.242.75.70,WebSpellChecker LLC
54.80.145.58,WebSpellChecker LLC
66.22.0.40,National Restaurant Association
45.58.127.19,"RunningAHEAD, LLC"
101.67.47.55,Geely Automobile Holdings Limited
103.179.78.45,"Shanghai Pudong Development Bank Co., Ltd."
34.106.5.225,"Weave Communications, Inc."
202.115.35.227,Sichuan University
18.156.105.209,Triumph International
3.120.43.142,Triumph International
68.219.196.241,DP World
64.9.56.66,Dickinson College
137.208.2.41,Vienna University of Economics and Business
91.194.228.192,Vitkac Sp. z o.o.
34.36.77.206,Baidu Japan Inc.
49.4.44.240,"Huawei Technologies Co., Ltd."
123.249.61.109,"Huawei Technologies Co., Ltd."
13.223.12.187,Hypeddit LLC
159.60.137.87,Diageo plc
132.176.182.1,FernUniversität in Hagen
199.67.85.80,Zoho Corporation Pvt. Ltd.
216.251.43.180,EnCirca Inc.
52.178.214.89,Royal Society of Chemistry
34.210.159.28,"Tripwire, Inc."
142.132.7.15,The University of Winnipeg
35.84.168.103,"Lifesize, Inc."
141.66.192.3,Stiftung Preußischer Kulturbesitz
85.236.54.32,Erwin Müller Versandhaus GmbH
115.26.34.10,Tianjin University
153.3.238.28,Ministry of Natural Resources of the People's Republic of China
3.232.1.117,Thomas Jefferson University
151.99.162.88,Nexi S.p.A.
141.66.192.17,Stiftung Preußischer Kulturbesitz
54.221.220.42,"JW Media, LLC"
54.210.152.147,"Rocket Software, Inc."
140.143.50.251,"Beijing Yinxiang Biji Technology Co., Ltd."
140.143.181.185,"Beijing Yinxiang Biji Technology Co., Ltd."
52.187.229.23,Microsoft Corporation
51.195.6.207,Akinon Software LLC
221.15.71.66,Bilibili Inc.
52.200.131.112,"The Pep Boys - Manny, Moe & Jack LLC"
163.177.30.56,Tianjin Enorth Netnews Inc.
13.71.170.128,Microsoft Corporation
111.26.54.15,Jilin Provincial Government
167.165.222.9,City of Chicago
3.13.235.0,YourSix Inc.
23.99.134.251,"Recast Software, Inc."
141.95.101.155,Nuki Home Solutions GmbH
34.54.243.146,"Chunghwa Telecom Co., Ltd."
20.225.175.189,Halliburton Company
141.95.111.126,Nuki Home Solutions GmbH
178.213.79.165,SM-Clinic LLC
195.245.213.251,Telewizja Polska S.A.
51.116.154.224,Drägerwerk AG & Co. KGaA
203.2.41.31,Southern Cross University
193.242.174.60,Cegid Group
212.2.98.103,Polkomtel Sp. z o.o.
195.245.213.252,Telewizja Polska S.A.
52.11.65.252,"Republic Services, Inc."
69.48.153.129,"Protocol Media, LLC"
51.138.110.136,Cegid Group
109.171.130.10,King Abdullah University of Science and Technology
136.147.129.35,Shoppers Drug Mart Inc.
164.125.8.64,Pusan National University
80.90.16.175,Lidl Great Britain Limited
77.89.230.130,Orange Moldova S.A.
34.147.200.198,Teemill Tech Ltd
193.182.50.67,Transportstyrelsen (Swedish Transport Agency)
192.68.228.218,"Electronics For Imaging, Inc."
62.20.226.57,Transportstyrelsen (Swedish Transport Agency)
209.190.129.73,"Lake Shore Cryotronics, Inc."
72.251.162.107,"Rural King Supply, Inc."
20.49.104.49,Marshall Amplification PLC
76.9.215.90,Side Effects Software Inc.
104.198.14.52,HiveMQ GmbH
193.0.158.240,Freeola Limited
120.26.231.199,"Hangzhou Hebao Information Technology Co., Ltd."
35.156.58.143,Rolls-Royce Motor Cars Limited
35.81.203.222,"Wind River Systems, Inc."
13.111.214.15,Rolls-Royce Motor Cars Limited
54.81.216.175,BlinkReceipt LLC
98.85.192.101,Pearson Education Inc.
91.201.249.167,Renaissance Credit Bank LLC
114.67.246.57,Beijing Youth Daily
66.170.109.64,"VMware, Inc."
155.98.33.74,University of Utah
85.13.13.10,JM-DATA GmbH
138.68.145.198,"World Medical Association, Inc."
161.153.49.170,City and County of San Francisco
66.22.18.154,University of Central Oklahoma
81.187.30.81,Andrews & Arnold Ltd
193.109.245.180,Powszechny Zakład Ubezpieczeń Spółka Akcyjna
209.175.47.58,Chicago Public Schools
54.162.214.81,The Henry Ford
167.235.11.185,Playkot Ltd.
129.158.211.82,Toshiba Corporation
198.169.242.33,Government of Saskatchewan
164.55.252.16,FactSet Digital Solutions GmbH
20.157.123.20,Università Cattolica del Sacro Cuore
193.109.244.139,Powszechny Zakład Ubezpieczeń Spółka Akcyjna
54.92.45.174,"HobbyLink Japan, Ltd."
3.146.113.204,"Netsmart Technologies, Inc."
54.206.114.121,Grays eCommerce Group Limited
54.229.30.114,DesignMyNight Ltd
52.210.51.77,DesignMyNight Ltd
91.208.209.12,Métropole Télévision S.A.
52.57.245.143,Aman Group S.a.r.l.
185.25.184.9,NETIO products a.s.
54.246.140.139,"OutSystems, Inc."
192.82.63.93,Sangfor Technologies Inc.
114.116.237.102,Driver-Soft Inc.
3.250.251.107,Dubai Media Incorporated
47.243.3.98,"Ping An Insurance (Group) Company of China, Ltd."
109.235.174.18,Servage GmbH
131.186.50.33,Government of Bangladesh
197.243.16.4,Africa Olleh Services Ltd
210.48.222.124,International Islamic University Malaysia
178.162.179.205,Uptrends LLC
52.22.149.119,"OpenShot Studios, LLC"
52.129.16.55,Bullhorn Inc.
34.111.248.101,Inshorts Media Labs Private Limited
27.86.89.233,UQ Communications Inc.
92.66.187.110,SICK AG
174.138.104.76,Tutteo Ltd
113.108.21.173,"Ping An Insurance (Group) Company of China, Ltd."
138.197.57.4,Tutteo Ltd
20.82.71.115,SICK AG
34.254.158.87,Novakid Inc.
20.140.48.70,Florida Department of Children and Families
34.193.143.92,Florida Department of Children and Families
51.15.121.43,"InSales, LLC"
115.236.118.162,"Coremail Technology Co., Ltd."
20.79.107.0,tesa SE
200.137.217.208,Universidade Federal de Goiás
200.137.218.130,Universidade Federal de Goiás
20.190.151.131,SETI Institute
95.86.129.2,Trend News Agency
13.228.49.144,"Checkr, Inc."
91.220.137.40,Government of Kurgan Oblast
34.238.55.7,"TigerConnect, Inc."
54.208.152.37,"TigerConnect, Inc."
35.211.26.196,"Transit App, Inc."
185.142.115.48,Europa-Park GmbH & Co Mack KG
199.164.161.38,Sharp HealthCare
52.220.250.165,Property Finder FZ-LLC
146.176.14.12,Edinburgh Napier University
147.154.112.73,Statistics Bureau of Japan
212.203.83.234,Boggi Milano S.r.l.
162.211.120.45,"ActMobile Networks, Inc."
8.33.184.254,National Pen Co. LLC
162.144.207.11,"ActMobile Networks, Inc."
40.121.151.57,United States Military Academy
103.19.180.112,Universitas Ahmad Dahlan
120.26.148.148,"Zhejiang Dahua Technology Co., Ltd."
57.152.12.30,"Commvault Systems, Inc."
221.132.38.227,Vietstock Corporation
172.105.146.158,Czech Games Edition s.r.o.
140.128.66.3,"China Medical University, Taiwan"
210.61.216.104,"ThroughTek Co., Ltd."
67.198.37.17,"The GnuCash Project (Free Software Foundation, Inc.)"
193.104.37.10,Army Recognition Group SPRL
204.107.200.65,"The GnuCash Project (Free Software Foundation, Inc.)"
91.208.107.240,Georg Thieme Verlag KG
104.167.196.8,"3H Cloud Co., Ltd."
87.121.112.59,Neterra Ltd.
40.90.247.53,Eastern Michigan University
35.186.205.9,Multiplay Gameservers Limited
178.33.40.43,Odoo S.A.
193.49.117.18,Université Clermont Auvergne
192.29.50.64,Statistics Bureau of Japan
20.98.200.44,Procter & Gamble Company
137.92.97.198,University of Canberra
34.149.79.74,"Connexity, Inc."
52.203.16.111,"X-Sense Innovations Co., Ltd."
20.38.138.1,"Kansas City Chiefs Football Club, Inc."
23.88.72.103,QuartSoft Corp.
193.245.72.217,"Československá obchodní banka, a.s."
203.83.245.210,Tsukaeru.net Inc.
176.235.143.50,Modanisa Elektronik Mağazacılık ve Ticaret A.Ş.
77.41.175.136,Altapress LLC
148.137.1.4,Commonwealth University of Pennsylvania
46.234.108.11,R2B2 s.r.o.
52.179.114.94,The Company of Biologists Ltd
54.146.32.23,vFairs LLC
52.210.164.224,Stripo Inc.
109.238.88.51,Flowwow Inc.
180.97.188.20,Qiniu Limited
89.221.236.44,Mail.Ru Group
20.51.86.232,PSI Services LLC
69.64.143.253,"Other World Computing, Inc."
111.206.136.108,"Guangdong Heytap Technology Co., Ltd."
111.206.138.8,"Guangdong Heytap Technology Co., Ltd."
47.246.110.147,PT Media Nusantara Citra Tbk
203.255.161.68,Ewha Womans University
35.169.130.248,Verizon Communications Inc.
141.244.187.100,"Universität für Bodenkultur Wien (University of Natural Resources and Life Sciences, Vienna)"
85.233.97.214,TEC-IT Datenverarbeitung GmbH
141.244.187.20,"Universität für Bodenkultur Wien (University of Natural Resources and Life Sciences, Vienna)"
52.201.139.150,"Wondershare Technology Co., Ltd."
153.46.107.142,Bolsas y Mercados Españoles Sociedad Holding de Mercados y Sistemas Financieros SA
185.207.227.8,"Gavi, the Vaccine Alliance"
47.99.108.236,"MetInfo Co., Ltd."
195.246.103.202,Tcell CJSC
20.49.233.54,NHS Digital
52.192.214.111,Nippon Telegraph and Telephone East Corporation
198.35.53.108,"Social Concepts, Inc."
92.243.69.20,Bilyoner Interaktif Hizmetler A.S.
91.109.201.19,TrueConf LLC
47.111.89.186,"Zhejiang Geely Holding Group Co., Ltd."
13.205.83.184,Finzoom Investment Advisors Private Limited
65.210.129.167,Abercrombie & Fitch Co.
195.113.113.10,VSB - Technical University of Ostrava
205.175.226.227,Collins Aerospace (a subsidiary of Raytheon Technologies Corporation)
20.207.105.72,Keka Technologies Pvt. Ltd.
45.134.124.27,All-Russia People's Front (Общероссийский народный фронт)
211.23.138.10,Taiwan Certificate Authority (TWCA)
212.18.250.204,CentralNic Group Plc
152.91.62.147,Schneider Electric SE
49.51.78.185,Grid Inc.
172.171.87.236,GEP Worldwide LLC
193.43.93.150,European Broadcasting Union
20.4.127.8,voestalpine AG
52.72.233.171,GEP Worldwide LLC
213.150.6.28,Erste Group Bank AG
4.153.75.144,Telefónica Brasil S.A.
20.210.15.136,"Yusen Logistics Co., Ltd."
140.235.237.12,"DHI Technical Services, Inc."
213.219.215.131,Naked Heart Foundation
146.102.41.131,"Vysoká škola ekonomická v Praze (University of Economics, Prague)"
37.120.249.121,Academia de Studii Economice din Bucuresti
209.87.151.67,"Liquid Web, LLC"
205.178.187.37,"Newfold Digital, Inc."
103.253.240.172,Doosan Corporation
193.104.92.212,Juno Records Limited
205.175.225.30,Collins Aerospace (a subsidiary of Raytheon Technologies Corporation)
20.62.152.144,The Carnegie Hall Corporation
80.158.2.19,T-Systems International GmbH
212.73.232.34,Société Coopérative d’Approvisionnement des Centres Leclerc (SCACL)
193.58.71.224,Eurobank Ergasias Services and Holdings S.A.
52.29.3.110,Mediengruppe Mitteldeutsche Zeitung GmbH & Co. KG
82.202.252.162,ООО Слетать.ру (Sletat.ru LLC)
184.95.254.120,Loto-Québec
18.210.56.120,"SpotHopper, LLC"
217.116.4.164,JOMA SPORT S.A.
89.184.82.32,Forbes Media LLC
77.72.2.103,The Resurgence Trust
85.188.1.124,Hannu Vuorenmaa
20.190.151.134,"Parkinson's Foundation, Inc."
129.138.23.41,New Mexico Institute of Mining and Technology
193.203.108.72,Institut National de Recherche et de Sécurité (INRS)
145.232.192.86,Canton of Vaud
218.4.189.18,Soochow University
66.119.32.16,"AGCM, Inc."
35.227.247.4,"B-Stock Solutions, LLC"
46.229.238.135,HostCreators s.r.o.
85.52.67.66,"Sivasdescalzo, S.L."
193.27.22.3,Landeshauptstadt Düsseldorf
20.84.177.248,"Planet DDS, Inc."
47.94.59.128,"Beijing Huxiu Interactive Technology Co., Ltd."
54.248.134.174,"CashWalk, Inc."
20.22.111.104,"Planet DDS, Inc."
38.118.50.220,"Association for Talent Development, Inc."
120.25.155.71,"Shenzhen IP-COM Networks Co., Ltd."
145.131.90.152,StartMail B.V.
52.240.136.216,"Allscripts Healthcare Solutions, Inc."
64.23.242.214,"The Pragmatic Programmers, LLC"
204.17.177.243,"InfoWest, Inc."
54.212.205.232,"Neuro-ID, Inc."
54.213.59.205,"Neuro-ID, Inc."
130.226.47.44,Copenhagen Business School
162.43.120.121,"Crystal Dew World Co., Ltd."
83.244.227.178,Liberty Retail Limited
35.153.26.151,"Moxie Software, Inc."
192.55.82.19,Sunbeam Television Corporation
54.236.207.114,"Pontiac Intelligence, LLC"
93.89.95.90,Travelfusion Ltd.
43.201.151.181,TMX Group Limited
31.121.80.90,Travelfusion Ltd.
98.94.147.209,Union College
147.129.129.24,Ithaca College
193.202.119.113,Badische Neueste Nachrichten Badendruck GmbH
13.234.249.24,Cashfree Payments India Private Limited
208.253.57.2,United Way Worldwide
40.118.102.46,Le Petit-Fils de L.-U. Chopard & Cie SA
47.243.108.133,Asia Innovations HK Limited
8.217.86.159,Asia Innovations HK Limited
199.102.239.68,Sangoma Technologies Corporation
91.212.223.1,Polski Koncern Naftowy ORLEN S.A.
13.159.69.34,Bandai Namco Amusement Inc.
147.86.3.240,Fachhochschule Nordwestschweiz (FHNW)
52.26.130.46,"Marvell Technology, Inc."
207.231.42.76,Texas Children's Hospital
200.10.164.11,Ministry of Foreign Affairs of Colombia
142.0.190.16,"DoubleUGames Co., Ltd."
50.233.102.75,"Quadratec, Inc."
13.111.70.13,"Hornblower Group, Inc."
36.140.72.192,National Business Daily
44.242.45.215,"Acima Credit, LLC"
202.50.193.254,Meteorological Service of New Zealand Limited
129.104.30.43,École Polytechnique
129.104.30.7,École Polytechnique
113.39.94.210,Oh-ami Inc.
51.143.191.44,Commonwealth War Graves Commission
35.210.250.190,Editorial Prensa Canaria S.A.
134.10.50.30,Reed College
51.145.179.148,DNB (De Nederlandsche Bank NV)
208.75.149.61,SlideModel LLC
143.235.255.252,Board of Regents of the University of Wisconsin System
194.49.19.56,Landeshauptstadt Dresden
35.134.170.218,"Soft Surroundings Holdings, LLC"
4.175.49.229,Verohallinto (Finnish Tax Administration)
51.145.79.47,Charity Commission for England and Wales
178.248.232.145,SIBUR Holding PJSC
52.11.19.141,"RH, Inc."
45.132.108.154,Advertising Standards Authority Ltd
192.164.79.113,"Österreichischer Automobil-, Motorrad- und Touring Club (ÖAMTC)"
34.78.30.25,"Adsmurai, S.L."
54.175.182.220,32auctions LLC
212.170.220.147,"Hermes Comunicacions, SAU"
18.197.95.130,North Data GmbH
140.143.178.34,Artron Art Group Limited
185.42.170.210,Scribus Team (Open Source Project)
103.255.172.253,ATOM (Advancing Telecommunications of Myanmar)
213.167.91.41,Feelunique International Limited
82.99.18.56,Broadview AB
202.118.76.185,Dalian University of Technology
105.224.1.14,Telkom SA SOC Ltd.
95.163.125.250,PlayFlock LLC
40.84.59.174,Anthology Inc.
18.233.12.255,"Event Tickets Center, LLC"
91.208.45.110,Landeshauptstadt Stuttgart
113.59.44.129,China Foreign Trade Centre (Group)
138.128.167.34,Truehost Cloud Limited
167.79.64.132,"Assurant, Inc."
209.133.198.58,Pranas.NET Corp.
49.13.251.197,Pan European Game Information (PEGI) S.A.
167.79.64.95,"Assurant, Inc."
193.234.30.10,Svenska Domäner AB
193.36.170.85,ifm electronic gmbh
20.23.41.235,QIAGEN N.V.
162.99.46.99,Agency for Healthcare Research and Quality (AHRQ)
18.177.177.248,DMM.com LLC
64.58.191.70,"In-N-Out Burgers, Inc."
202.162.231.3,"Government of India, Ministry of Education"
213.108.56.205,Ogicom Sp. z o.o. S.K.A.
202.238.143.87,"KOEI TECMO GAMES CO., LTD."
52.73.2.219,Santa Monica College
193.103.16.8,Heidelberger Druckmaschinen AG
134.106.57.25,OFFIS e.V.
209.133.56.117,NetLine Corporation
3.217.173.232,Smithsonian Institution
129.57.64.24,"Jefferson Science Associates, LLC"
198.49.23.145,"SensorPush, Inc."
199.67.80.136,Zoho Corporation Pvt. Ltd.
95.0.217.175,Republic of Turkey Ministry of Youth and Sports
95.0.217.170,Republic of Turkey Ministry of Youth and Sports
213.135.60.211,OpenAIRE AMKE
212.56.137.74,Videoslots Limited
102.133.180.239,WeBuyCars (PTY) Ltd
